-- phpMyAdmin SQL Dump
-- version 5.2.1
-- https://www.phpmyadmin.net/
--
-- Host: 127.0.0.1
-- Generation Time: Dec 30, 2025 at 01:47 PM
-- Server version: 10.4.32-MariaDB
-- PHP Version: 8.2.12

SET FOREIGN_KEY_CHECKS = 0;
SET SQL_MODE = "NO_AUTO_VALUE_ON_ZERO";
START TRANSACTION;
SET time_zone = "+00:00";


/*!40101 SET @OLD_CHARACTER_SET_CLIENT=@@CHARACTER_SET_CLIENT */;
/*!40101 SET @OLD_CHARACTER_SET_RESULTS=@@CHARACTER_SET_RESULTS */;
/*!40101 SET @OLD_COLLATION_CONNECTION=@@COLLATION_CONNECTION */;
/*!40101 SET NAMES utf8mb4 */;

--
-- Database: `db_yogyastay`
--

-- --------------------------------------------------------

--
-- Table structure for table `blog`
--

CREATE TABLE `blog` (
  `id_blog` int(11) NOT NULL,
  `judul` varchar(200) NOT NULL,
  `konten` text NOT NULL,
  `thumbnail` varchar(255) DEFAULT NULL,
  `tanggal_publish` date DEFAULT NULL,
  `id_admin` int(11) NOT NULL,
  `status` enum('publish','draft') DEFAULT 'draft'
) ENGINE=InnoDB DEFAULT CHARSET=utf8mb4 COLLATE=utf8mb4_general_ci;

--
-- Dumping data for table `blog`
--

INSERT INTO `blog` (`id_blog`, `judul`, `konten`, `thumbnail`, `tanggal_publish`, `id_admin`, `status`) VALUES
(7, '5 Destinasi Wajib Dikunjungi di Jogja Saat Liburan', 'Yogyakarta selalu menjadi destinasi favorit wisatawan lokal maupun mancanegara. Kota ini menawarkan perpaduan budaya, sejarah, dan keindahan alam yang sulit dilupakan.\r\n\r\nBeberapa destinasi wajib yang tidak boleh kamu lewatkan antara lain:\r\n1. Malioboro – pusat belanja dan kuliner khas Jogja.\r\n2. Keraton Yogyakarta – saksi sejarah dan budaya Jawa.\r\n3. Candi Prambanan – candi Hindu terbesar di Indonesia.\r\n4. Pantai Parangtritis – pantai ikonik dengan panorama matahari terbenam.\r\n5. Tebing Breksi – destinasi modern dengan pemandangan kota dari ketinggian.\r\n\r\nDengan memilih penginapan yang strategis, perjalanan liburanmu di Jogja akan semakin nyaman dan berkesan.', 'destinasi-jogja.jpg', '2025-01-10', 6, 'publish'),
(8, 'Panduan Check-in Online Anti Ribet untuk Traveler', 'Proses check-in sering kali memakan waktu, terutama saat musim liburan. Namun kini, banyak penginapan dan hotel di Yogyakarta sudah menyediakan layanan check-in online.\r\n\r\nBeberapa tips agar proses check-in online berjalan lancar:\r\n- Siapkan identitas diri (KTP atau Paspor) dalam bentuk digital.\r\n- Pastikan data reservasi sesuai dengan identitas.\r\n- Datang sesuai jam check-in yang ditentukan.\r\n- Simpan bukti pemesanan di ponsel.\r\n\r\nDengan memanfaatkan fitur check-in online, kamu bisa menghemat waktu dan langsung menikmati pengalaman menginap tanpa antre panjang.', 'checkin-online.jpg', '2025-01-12', 6, 'publish'),
(9, 'Tips Memilih Penginapan Nyaman dan Terjangkau di Jogja', 'Memilih penginapan yang tepat adalah kunci liburan yang menyenangkan. Di Yogyakarta, tersedia berbagai pilihan penginapan mulai dari hotel berbintang hingga homestay yang ramah di kantong.\r\n\r\nBeberapa tips memilih penginapan:\r\n- Pilih lokasi dekat tujuan wisata.\r\n- Sesuaikan harga dengan fasilitas yang ditawarkan.\r\n- Cek ulasan dan rating pengunjung.\r\n- Pastikan keamanan dan kenyamanan lingkungan.\r\n\r\nDengan perencanaan yang matang, kamu bisa mendapatkan penginapan yang nyaman tanpa harus menguras budget liburan.', 'tips-penginapan-jogja.jpg', '2025-01-15', 6, 'publish'),
(30, 'Asyiknya Liburan untuk Menghilangkan Stress di Yogyakarta', 'Yogyakarta selalu punya cara lembut untuk meredakan penat. Kota ini bukan hanya tentang destinasi wisata, tetapi juga tentang rasa tenang yang hadir dari setiap sudutnya. Mulai dari suasana pagi di Malioboro, semilir angin di kawasan pantai selatan, hingga hijaunya perbukitan yang menenangkan pikiran, Yogyakarta menjadi tempat yang pas untuk sejenak berhenti dari rutinitas.\r\n\r\nLiburan di Yogyakarta menawarkan pengalaman yang beragam. Wisata budaya seperti Keraton dan candi-candi bersejarah memberi ruang refleksi, sementara wisata alam seperti hutan pinus, pantai, dan desa wisata menghadirkan ketenangan yang sulit ditemukan di kota besar. Tak ketinggalan, kuliner khas Jogja dengan cita rasa sederhana namun akrab turut menjadi penghibur di sela perjalanan.\r\n\r\nMelalui liburan singkat di Yogyakarta, stres perlahan luruh, digantikan oleh perasaan rileks dan bahagia. Kota ini mengajarkan bahwa kebahagiaan tidak selalu harus mahal atau rumit. Cukup dengan menikmati suasana, budaya, dan keramahan warganya, liburan di Yogyakarta bisa menjadi cara sederhana namun efektif untuk memulihkan energi dan semangat kembali.\r\n\r\nYah cukup berguna untuk stress UAS', 'download.jpg', '2025-12-29', 6, 'publish');

-- --------------------------------------------------------

--
-- Table structure for table `booking`
--

CREATE TABLE `booking` (
  `id_booking` int(11) NOT NULL,
  `kode_booking` varchar(20) NOT NULL,
  `id_user` int(11) NOT NULL,
  `id_penginapan` int(11) NOT NULL,
  `id_tipe_kamar` int(11) NOT NULL,
  `tanggal_checkin` date NOT NULL,
  `tanggal_checkout` date NOT NULL,
  `jumlah_kamar` int(11) NOT NULL,
  `jumlah_orang` int(11) NOT NULL,
  `total_harga` decimal(12,2) NOT NULL,
  `status_reservasi` enum('dipesan','check-in','selesai','dibatalkan','menunggu_pembatalan') DEFAULT NULL,
  `created_at` timestamp NOT NULL DEFAULT current_timestamp()
) ENGINE=InnoDB DEFAULT CHARSET=utf8mb4 COLLATE=utf8mb4_general_ci;

--
-- Dumping data for table `booking`
--

INSERT INTO `booking` (`id_booking`, `kode_booking`, `id_user`, `id_penginapan`, `id_tipe_kamar`, `tanggal_checkin`, `tanggal_checkout`, `jumlah_kamar`, `jumlah_orang`, `total_harga`, `status_reservasi`, `created_at`) VALUES
(1, 'JS-054544', 9, 17, 462, '2025-12-29', '2025-12-30', 2, 4, 4000000.00, 'check-in', '2025-12-29 07:00:12'),
(2, 'JS-682680', 9, 5, 440, '2025-12-29', '2025-12-30', 7, 14, 19010964.00, 'dibatalkan', '2025-12-29 08:41:33'),
(3, 'JS-224026', 9, 21, 464, '2025-12-29', '2025-12-30', 2, 4, 822342.00, 'dipesan', '2025-12-29 09:19:07'),
(4, 'JS-395159', 9, 1, 527, '2026-01-01', '2026-01-03', 1, 2, 1200000.00, 'check-in', '2025-12-29 11:25:26'),
(5, 'JS-459559', 9, 1, 528, '2026-01-01', '2026-01-04', 1, 2, 1350000.00, 'check-in', '2025-12-29 11:33:40'),
(6, 'JS-935772', 9, 15, 515, '2025-12-29', '2026-01-01', 1, 2, 1688241.00, 'dipesan', '2025-12-29 11:36:38'),
(7, 'JS-296103', 9, 9, 443, '2025-12-29', '2025-12-30', 3, 6, 2700000.00, 'dipesan', '2025-12-29 11:40:22'),
(8, 'JS-369038', 9, 3, 530, '2025-12-29', '2025-12-30', 4, 8, 4200000.00, 'dipesan', '2025-12-29 11:43:29'),
(9, 'JS-629398', 9, 17, 461, '2025-12-29', '2025-12-31', 1, 2, 3000000.00, 'dipesan', '2025-12-29 11:44:11'),
(10, 'JS-829442', 9, 11, 448, '2025-12-29', '2025-12-31', 1, 2, 1231006.00, 'dibatalkan', '2025-12-29 11:45:19'),
(11, 'JS-298580', 9, 1, 527, '2025-12-29', '2025-12-31', 1, 2, 1200000.00, 'selesai', '2025-12-29 11:49:13'),
(12, 'JS-045374', 9, 14, 451, '2025-12-29', '2025-12-31', 1, 2, 1100000.00, 'dibatalkan', '2025-12-29 11:51:09'),
(13, 'JS-897481', 9, 2, 535, '2025-12-29', '2025-12-31', 2, 4, 5896096.00, 'check-in', '2025-12-29 12:03:17'),
(14, 'JS-199847', 11, 32, 354, '2025-12-29', '2025-12-31', 4, 8, 2800000.00, 'dipesan', '2025-12-29 15:28:16'),
(15, 'JS-336850', 9, 49, 373, '2025-12-29', '2025-12-30', 1, 2, 132786.00, 'dipesan', '2025-12-29 17:25:46'),
(16, 'JS-549352', 9, 33, 475, '2025-12-29', '2025-12-31', 3, 6, 2040984.00, 'check-in', '2025-12-29 17:36:05'),
(17, 'JS-666277', 11, 62, 501, '2025-12-29', '2026-01-03', 1, 2, 7506805.00, 'selesai', '2025-12-29 18:12:24'),
(18, 'JS-707630', 9, 3, 531, '2025-12-30', '2026-01-01', 1, 2, 3100000.00, 'dipesan', '2025-12-30 07:20:20'),
(19, 'JS-374861', 11, 1, 528, '2025-12-30', '2026-01-01', 1, 2, 900000.00, 'menunggu_pembatalan', '2025-12-30 08:54:32'),
(20, 'JS-685967', 11, 17, 460, '2025-12-30', '2025-12-31', 1, 2, 1200000.00, 'check-in', '2025-12-30 08:57:05'),
(21, 'JS-554488', 11, 12, 550, '2025-12-30', '2026-01-03', 1, 2, 4800000.00, 'dipesan', '2025-12-30 08:59:51');

-- --------------------------------------------------------

--
-- Table structure for table `checkin`
--

CREATE TABLE `checkin` (
  `id_checkin` int(11) NOT NULL,
  `id_booking` int(11) NOT NULL,
  `email_pemesan` varchar(100) NOT NULL,
  `foto_ktp` varchar(255) DEFAULT NULL,
  `status_checkin` enum('valid') DEFAULT 'valid',
  `waktu_checkin` timestamp NOT NULL DEFAULT current_timestamp()
) ENGINE=InnoDB DEFAULT CHARSET=utf8mb4 COLLATE=utf8mb4_general_ci;

--
-- Dumping data for table `checkin`
--

INSERT INTO `checkin` (`id_checkin`, `id_booking`, `email_pemesan`, `foto_ktp`, `status_checkin`, `waktu_checkin`) VALUES
(1, 1, 'j@gmail.com', 'ktp_1_1766993164.png', 'valid', '2025-12-29 07:26:04'),
(2, 16, 'j@gmail.com', 'ktp_16_1767029820.jpg', 'valid', '2025-12-29 17:37:00'),
(3, 13, 'j@gmail.com', 'ktp_13_1767079148.png', 'valid', '2025-12-30 07:19:08'),
(4, 17, 'uaspemweb@gmail.com', 'ktp_17_1767083526.png', 'valid', '2025-12-30 08:32:06'),
(5, 20, 'uaspemweb@gmail.com', 'ktp_20_1767085260.png', 'valid', '2025-12-30 09:01:00');

-- --------------------------------------------------------

--
-- Table structure for table `fasilitas`
--

CREATE TABLE `fasilitas` (
  `id_fasilitas` int(11) NOT NULL,
  `nama_fasilitas` varchar(100) NOT NULL
) ENGINE=InnoDB DEFAULT CHARSET=utf8mb4 COLLATE=utf8mb4_general_ci;

--
-- Dumping data for table `fasilitas`
--

INSERT INTO `fasilitas` (`id_fasilitas`, `nama_fasilitas`) VALUES
(1, 'WiFi'),
(2, 'AC'),
(3, 'TV'),
(4, 'Kamar Mandi Dalam'),
(5, 'Air Panas'),
(6, 'Kolam Renang'),
(7, 'Parkir'),
(8, 'Resepsionis 24 Jam'),
(9, 'Sarapan'),
(10, 'Dapur'),
(11, 'Private Pool'),
(12, 'Balkon'),
(13, 'View Alam'),
(14, 'Lift'),
(15, 'Gym'),
(16, 'Meeting Room');

-- --------------------------------------------------------

--
-- Table structure for table `gambar_penginapan`
--

CREATE TABLE `gambar_penginapan` (
  `id_gambar` int(11) NOT NULL,
  `id_penginapan` int(11) NOT NULL,
  `path_gambar` varchar(255) NOT NULL,
  `is_thumbnail` tinyint(1) DEFAULT 0,
  `created_at` timestamp NOT NULL DEFAULT current_timestamp()
) ENGINE=InnoDB DEFAULT CHARSET=utf8mb4 COLLATE=utf8mb4_general_ci;

--
-- Dumping data for table `gambar_penginapan`
--

INSERT INTO `gambar_penginapan` (`id_gambar`, `id_penginapan`, `path_gambar`, `is_thumbnail`, `created_at`) VALUES
(389, 314, 'uploads/penginapan/6950e9fc533c5.jpg', 0, '2025-12-28 08:27:40'),
(390, 418, 'uploads/penginapan/6950ebe5823dd.jpg', 1, '2025-12-28 08:35:49'),
(391, 313, 'uploads/penginapan/6950eda7d6bfe.jpg', 0, '2025-12-28 08:43:19'),
(394, 7, 'uploads/penginapan/69512de13a876.jpg', 1, '2025-12-28 13:17:21'),
(395, 6, 'uploads/penginapan/695132fbd7cd6.jpg', 1, '2025-12-28 13:39:07'),
(396, 8, 'uploads/penginapan/695134ea40de1.jpg', 1, '2025-12-28 13:47:22'),
(397, 10, 'uploads/penginapan/69513554ce514.jpg', 1, '2025-12-28 13:49:08'),
(398, 13, 'uploads/penginapan/695136a55a5a9.jpg', 1, '2025-12-28 13:54:45'),
(399, 19, 'uploads/penginapan/695136f7d5ee1.jpg', 1, '2025-12-28 13:56:07'),
(400, 23, 'uploads/penginapan/6951376abb51d.jpg', 1, '2025-12-28 13:58:02'),
(402, 29, 'uploads/penginapan/695138775aff5.jpg', 1, '2025-12-28 14:02:31'),
(403, 30, 'uploads/penginapan/69513ae3372ec.jpg', 1, '2025-12-28 14:12:51'),
(404, 30, 'uploads/penginapan/69513af4b0d48.jpg', 0, '2025-12-28 14:13:08'),
(405, 32, 'uploads/penginapan/69513b8475588.jpg', 1, '2025-12-28 14:15:32'),
(406, 34, 'uploads/penginapan/69513bd11544a.jpg', 1, '2025-12-28 14:16:49'),
(407, 35, 'uploads/penginapan/69513d86cc658.jpg', 1, '2025-12-28 14:24:06'),
(408, 36, 'uploads/penginapan/69513db86e7b8.jpg', 1, '2025-12-28 14:24:56'),
(409, 37, 'uploads/penginapan/69513decc3dc9.jpg', 1, '2025-12-28 14:25:48'),
(410, 38, 'uploads/penginapan/69513e2812589.jpg', 1, '2025-12-28 14:26:48'),
(411, 41, 'uploads/penginapan/69513e653675e.jpg', 1, '2025-12-28 14:27:49'),
(412, 42, 'uploads/penginapan/69513e925056b.jpg', 1, '2025-12-28 14:28:34'),
(413, 43, 'uploads/penginapan/69513ecd2e41a.jpg', 1, '2025-12-28 14:29:33'),
(414, 46, 'uploads/penginapan/69513effd8240.jpg', 1, '2025-12-28 14:30:23'),
(415, 49, 'uploads/penginapan/69513f3205e62.jpg', 1, '2025-12-28 14:31:14'),
(416, 50, 'uploads/penginapan/69513f62d0593.jpg', 1, '2025-12-28 14:32:02'),
(417, 51, 'uploads/penginapan/69513fb718235.jpg', 1, '2025-12-28 14:33:27'),
(418, 52, 'uploads/penginapan/69513fec0f6c1.jpg', 1, '2025-12-28 14:34:20'),
(419, 53, 'uploads/penginapan/69514017dc388.jpg', 1, '2025-12-28 14:35:03'),
(420, 55, 'uploads/penginapan/6951409343f8e.jpg', 1, '2025-12-28 14:37:07'),
(421, 56, 'uploads/penginapan/6951410b718e9.jpg', 1, '2025-12-28 14:39:07'),
(422, 57, 'uploads/penginapan/6951414082180.jpg', 1, '2025-12-28 14:40:00'),
(423, 58, 'uploads/penginapan/6951418440691.jpg', 1, '2025-12-28 14:41:08'),
(424, 61, 'uploads/penginapan/69514210b55be.jpg', 1, '2025-12-28 14:43:28'),
(425, 63, 'uploads/penginapan/6951424d57b5e.jpg', 1, '2025-12-28 14:44:29'),
(426, 64, 'uploads/penginapan/6951427a572c7.jpg', 1, '2025-12-28 14:45:14'),
(427, 66, 'uploads/penginapan/695142a8c7b1f.jpg', 1, '2025-12-28 14:46:00'),
(428, 68, 'uploads/penginapan/695142e22b2c2.jpg', 1, '2025-12-28 14:46:58'),
(429, 69, 'uploads/penginapan/6951431017b52.jpg', 1, '2025-12-28 14:47:44'),
(430, 70, 'uploads/penginapan/6951435370c12.jpg', 1, '2025-12-28 14:48:51'),
(431, 71, 'uploads/penginapan/6951438f2187d.jpg', 1, '2025-12-28 14:49:51'),
(432, 74, 'uploads/penginapan/695143c1c5de5.jpg', 1, '2025-12-28 14:50:41'),
(433, 75, 'uploads/penginapan/695143f082019.jpg', 1, '2025-12-28 14:51:28'),
(434, 77, 'uploads/penginapan/6951442bdfa91.jpg', 1, '2025-12-28 14:52:27'),
(436, 3, 'uploads/penginapan/69516435b1aa7.jpg', 1, '2025-12-28 17:09:09'),
(437, 4, 'uploads/penginapan/6951659acdc4c.jpg', 1, '2025-12-28 17:15:06'),
(438, 5, 'uploads/penginapan/6951664074d4a.jpg', 1, '2025-12-28 17:17:52'),
(439, 9, 'uploads/penginapan/6951673f3cb3e.jpg', 1, '2025-12-28 17:22:07'),
(440, 11, 'uploads/penginapan/6951681b83dd4.jpg', 1, '2025-12-28 17:25:47'),
(441, 11, 'uploads/penginapan/6951682b966df.jpg', 0, '2025-12-28 17:26:03'),
(442, 14, 'uploads/penginapan/695169657fbb7.jpg', 1, '2025-12-28 17:31:17'),
(444, 17, 'uploads/penginapan/695169e78cc05.jpg', 1, '2025-12-28 17:33:27'),
(445, 21, 'uploads/penginapan/69516a5c8228d.jpg', 1, '2025-12-28 17:35:24'),
(446, 22, 'uploads/penginapan/69516abeda0f3.jpg', 1, '2025-12-28 17:37:02'),
(447, 24, 'uploads/penginapan/69516b20c09f7.jpg', 1, '2025-12-28 17:38:40'),
(448, 27, 'uploads/penginapan/69516b80314b3.jpg', 1, '2025-12-28 17:40:16'),
(449, 33, 'uploads/penginapan/69516bec5437f.jpg', 1, '2025-12-28 17:42:04'),
(450, 39, 'uploads/penginapan/69516c70e5619.jpg', 1, '2025-12-28 17:44:16'),
(451, 45, 'uploads/penginapan/69516cd22b0bd.jpg', 1, '2025-12-28 17:45:54'),
(452, 47, 'uploads/penginapan/69516d3f26e7d.jpg', 1, '2025-12-28 17:47:43'),
(453, 48, 'uploads/penginapan/69516da81bb7a.jpg', 1, '2025-12-28 17:49:28'),
(454, 54, 'uploads/penginapan/69516e121c5bb.jpg', 1, '2025-12-28 17:51:14'),
(455, 59, 'uploads/penginapan/69516e725a621.jpg', 1, '2025-12-28 17:52:50'),
(456, 60, 'uploads/penginapan/69516ec90b05e.jpg', 1, '2025-12-28 17:54:17'),
(457, 62, 'uploads/penginapan/69516f3f8b8dc.jpg', 1, '2025-12-28 17:56:15'),
(458, 65, 'uploads/penginapan/69516f9a88cdd.jpg', 1, '2025-12-28 17:57:46'),
(459, 72, 'uploads/penginapan/69517019ab728.jpg', 1, '2025-12-28 17:59:53'),
(460, 76, 'uploads/penginapan/6951708cda080.jpg', 1, '2025-12-28 18:01:48'),
(461, 78, 'uploads/penginapan/6951718e232e3.jpg', 1, '2025-12-28 18:06:06'),
(463, 15, 'uploads/penginapan/695173815cb94.jpg', 1, '2025-12-28 18:14:25'),
(464, 16, 'uploads/penginapan/695173ff78eb6.jpg', 1, '2025-12-28 18:16:31'),
(465, 18, 'uploads/penginapan/6951745b6833e.jpg', 1, '2025-12-28 18:18:03'),
(466, 20, 'uploads/penginapan/695174a220e61.jpg', 1, '2025-12-28 18:19:14'),
(467, 25, 'uploads/penginapan/695174e35b986.jpg', 1, '2025-12-28 18:20:19'),
(468, 26, 'uploads/penginapan/6951752349f72.jpg', 1, '2025-12-28 18:21:23'),
(469, 28, 'uploads/penginapan/695175727fc76.jpg', 1, '2025-12-28 18:22:42'),
(470, 31, 'uploads/penginapan/695175c04d024.jpg', 1, '2025-12-28 18:24:00'),
(471, 40, 'uploads/penginapan/695176015d9aa.jpg', 1, '2025-12-28 18:25:05'),
(472, 44, 'uploads/penginapan/69517658d32e7.jpg', 1, '2025-12-28 18:26:32'),
(473, 67, 'uploads/penginapan/695176998d02a.jpg', 1, '2025-12-28 18:27:37'),
(474, 73, 'uploads/penginapan/695176e328972.jpg', 1, '2025-12-28 18:28:51'),
(475, 1, 'uploads/penginapan/69538c31e062e.jpg', 1, '2025-12-30 08:24:17'),
(476, 1, 'uploads/penginapan/69538c31e092c.jpg', 0, '2025-12-30 08:24:17'),
(477, 2, 'uploads/penginapan/69538d9503462.jpg', 1, '2025-12-30 08:30:13'),
(478, 2, 'uploads/penginapan/69538d95036be.jpg', 0, '2025-12-30 08:30:13'),
(479, 12, 'uploads/penginapan/69539425d30b1.webp', 1, '2025-12-30 08:58:13'),
(480, 12, 'uploads/penginapan/69539425d37de.jpg', 0, '2025-12-30 08:58:13');

-- --------------------------------------------------------

--
-- Table structure for table `kabupaten`
--

CREATE TABLE `kabupaten` (
  `id_kabupaten` int(11) NOT NULL,
  `nama_kabupaten` varchar(100) NOT NULL
) ENGINE=InnoDB DEFAULT CHARSET=utf8mb4 COLLATE=utf8mb4_general_ci;

--
-- Dumping data for table `kabupaten`
--

INSERT INTO `kabupaten` (`id_kabupaten`, `nama_kabupaten`) VALUES
(1, 'Kota Yogyakarta'),
(2, 'Sleman'),
(3, 'Bantul'),
(4, 'Kulon Progo'),
(5, 'Gunungkidul');

-- --------------------------------------------------------

--
-- Table structure for table `kecamatan`
--

CREATE TABLE `kecamatan` (
  `id_kecamatan` int(11) NOT NULL,
  `id_kabupaten` int(11) NOT NULL,
  `nama_kecamatan` varchar(100) NOT NULL
) ENGINE=InnoDB DEFAULT CHARSET=utf8mb4 COLLATE=utf8mb4_general_ci;

--
-- Dumping data for table `kecamatan`
--

INSERT INTO `kecamatan` (`id_kecamatan`, `id_kabupaten`, `nama_kecamatan`) VALUES
(1, 1, 'Danurejan'),
(2, 1, 'Gedongtengen'),
(3, 1, 'Gondokusuman'),
(4, 1, 'Gondomanan'),
(5, 1, 'Jetis'),
(6, 1, 'Kotagede'),
(7, 1, 'Kraton'),
(8, 1, 'Mantrijeron'),
(9, 1, 'Mergangsan'),
(10, 1, 'Ngampilan'),
(11, 1, 'Pakualaman'),
(12, 1, 'Tegalrejo'),
(13, 1, 'Umbulharjo'),
(14, 1, 'Wirobrajan'),
(15, 2, 'Berbah'),
(16, 2, 'Cangkringan'),
(17, 2, 'Depok'),
(18, 2, 'Gamping'),
(19, 2, 'Godean'),
(20, 2, 'Kalasan'),
(21, 2, 'Minggir'),
(22, 2, 'Mlati'),
(23, 2, 'Moyudan'),
(24, 2, 'Ngaglik'),
(25, 2, 'Ngemplak'),
(26, 2, 'Pakem'),
(27, 2, 'Prambanan'),
(28, 2, 'Seyegan'),
(29, 2, 'Sleman'),
(30, 2, 'Tempel'),
(31, 2, 'Turi'),
(32, 3, 'Bambanglipuro'),
(33, 3, 'Banguntapan'),
(34, 3, 'Bantul'),
(35, 3, 'Dlingo'),
(36, 3, 'Imogiri'),
(37, 3, 'Jetis'),
(38, 3, 'Kasihan'),
(39, 3, 'Kretek'),
(40, 3, 'Pajangan'),
(41, 3, 'Pandak'),
(42, 3, 'Piyungan'),
(43, 3, 'Pleret'),
(44, 3, 'Pundong'),
(45, 3, 'Sanden'),
(46, 3, 'Sedayu'),
(47, 3, 'Sewon'),
(48, 3, 'Srandakan'),
(49, 4, 'Galur'),
(50, 4, 'Girimulyo'),
(51, 4, 'Kalibawang'),
(52, 4, 'Kokap'),
(53, 4, 'Lendah'),
(54, 4, 'Nanggulan'),
(55, 4, 'Panjatan'),
(56, 4, 'Pengasih'),
(57, 4, 'Samigaluh'),
(58, 4, 'Sentolo'),
(59, 4, 'Temon'),
(60, 4, 'Wates'),
(61, 5, 'Gedangsari'),
(62, 5, 'Girisubo'),
(63, 5, 'Karangmojo'),
(64, 5, 'Ngawen'),
(65, 5, 'Nglipar'),
(66, 5, 'Paliyan'),
(67, 5, 'Panggang'),
(68, 5, 'Patuk'),
(69, 5, 'Playen'),
(70, 5, 'Ponjong'),
(71, 5, 'Purwosari'),
(72, 5, 'Rongkop'),
(73, 5, 'Saptosari'),
(74, 5, 'Semanu'),
(75, 5, 'Semin'),
(76, 5, 'Tanjungsari'),
(77, 5, 'Tepus'),
(78, 5, 'Wonosari');

-- --------------------------------------------------------

--
-- Table structure for table `kontak_penginapan`
--

CREATE TABLE `kontak_penginapan` (
  `id_kontak` int(11) NOT NULL,
  `id_penginapan` int(11) NOT NULL,
  `jenis_kontak` enum('telepon','email','website') NOT NULL,
  `isi_kontak` varchar(150) NOT NULL
) ENGINE=InnoDB DEFAULT CHARSET=utf8mb4 COLLATE=utf8mb4_general_ci;

--
-- Dumping data for table `kontak_penginapan`
--

INSERT INTO `kontak_penginapan` (`id_kontak`, `id_penginapan`, `jenis_kontak`, `isi_kontak`) VALUES
(23, 401, 'telepon', '0271 8930 478'),
(24, 401, '', '081789092345'),
(25, 401, 'email', 'deluna@gmail.com'),
(26, 402, 'telepon', '0271 8930 478'),
(27, 402, '', '081789092345'),
(28, 402, 'email', 'deluna@gmail.com'),
(29, 403, 'telepon', '0271 8930 478'),
(30, 403, '', '081789092345'),
(31, 403, 'email', 'deluna@gmail.com'),
(32, 404, 'telepon', '092834753'),
(33, 404, '', '081789092345'),
(34, 404, 'email', 'deluna@gmail.com'),
(35, 405, 'telepon', '08983923'),
(36, 405, '', '081789092345'),
(37, 405, 'email', 'deluna@gmail.com'),
(75, 314, 'telepon', '0274-123456'),
(76, 314, 'email', 'royalaston@gmail.com'),
(77, 418, 'telepon', '0274-123456'),
(78, 418, '', '081999888666'),
(79, 418, 'email', 'deluna@gmail.com'),
(94, 7, 'telepon', '0274-123456'),
(95, 7, '', '081999888666'),
(96, 7, 'email', 'sawo@gmail.com'),
(101, 6, 'telepon', '0274-123456'),
(102, 6, 'email', 'putrapandawa@gmail.com'),
(103, 8, 'telepon', '0274-123456'),
(104, 8, '', '081789092345'),
(105, 8, 'email', 'yogya@gmail.com'),
(106, 13, 'telepon', '0274-123456'),
(107, 13, '', '081789092345'),
(108, 13, 'email', 'yogya@gmail.com'),
(109, 19, 'telepon', '0274-123456'),
(110, 19, '', '081999888666'),
(111, 19, 'email', 'yogya@gmail.com'),
(112, 23, 'telepon', '0274-123456'),
(113, 23, '', '081999888666'),
(114, 23, 'email', 'yogya@gmail.com'),
(117, 29, 'telepon', '0274-123456'),
(118, 29, '', '081999888666'),
(119, 29, 'email', 'yogya@gmail.com'),
(123, 30, 'telepon', '0274-123456'),
(124, 30, 'email', 'yogya@gmail.com'),
(125, 32, 'telepon', '0274-123456'),
(126, 32, '', '081999888666'),
(127, 32, 'email', 'yogya@gmail.com'),
(128, 34, 'telepon', '0274-123456'),
(129, 34, '', '081999888666'),
(130, 34, 'email', 'yogya@gmail.com'),
(131, 35, 'telepon', '0274-123456'),
(132, 35, '', '081789092345'),
(133, 35, 'email', 'yogya@gmail.com'),
(134, 36, 'telepon', '0274-123456'),
(135, 36, '', '081789092345'),
(136, 36, 'email', 'yogya@gmail.com'),
(137, 37, 'telepon', '0274-123456'),
(138, 37, '', '081999888666'),
(139, 37, 'email', 'yogya@gmail.com'),
(140, 38, 'telepon', '0274-123456'),
(141, 38, '', '081789092345'),
(142, 38, 'email', 'yogya@gmail.com'),
(143, 41, 'telepon', '0274-123456'),
(144, 41, '', '081789092345'),
(145, 41, 'email', 'yogya@gmail.com'),
(146, 42, 'telepon', '0274-123456'),
(147, 42, '', '081999888666'),
(148, 42, 'email', 'yogya@gmail.com'),
(149, 43, 'telepon', '0274-123456'),
(150, 43, '', '081789092345'),
(151, 43, 'email', 'yogya@gmail.com'),
(152, 46, 'telepon', '0274-123456'),
(153, 46, '', '081789092345'),
(154, 46, 'email', 'yogya@gmail.com'),
(155, 49, 'telepon', '0274-123456'),
(156, 49, '', '081999888666'),
(157, 49, 'email', 'yogya@gmail.com'),
(158, 50, 'telepon', '0274-123456'),
(159, 50, '', '081789092345'),
(160, 50, 'email', 'yogya@gmail.com'),
(161, 51, 'telepon', '0274-123456'),
(162, 51, '', '081789092345'),
(163, 51, 'email', 'yogya@gmail.com'),
(164, 52, 'telepon', '0274-123456'),
(165, 52, '', '081789092345'),
(166, 52, 'email', 'yogya@gmail.com'),
(167, 53, 'telepon', '0274-123456'),
(168, 53, '', '081999888666'),
(169, 53, 'email', 'yogya@gmail.com'),
(170, 55, 'telepon', '0274-123456'),
(171, 55, '', '081789092345'),
(172, 55, 'email', 'yogya@gmail.com'),
(173, 56, 'telepon', '0274-123456'),
(174, 56, '', '081999888666'),
(175, 56, 'email', 'yogya@gmail.com'),
(176, 57, 'telepon', '0274-123456'),
(177, 57, '', '081789092345'),
(178, 57, 'email', 'yogya@gmail.com'),
(179, 58, 'telepon', '0274-123456'),
(180, 58, '', '081789092345'),
(181, 58, 'email', 'yogya@gmail.com'),
(182, 61, 'telepon', '0274-123456'),
(183, 61, '', '081999888666'),
(184, 61, 'email', 'yogya@gmail.com'),
(185, 63, 'telepon', '0274-123456'),
(186, 63, '', '081999888666'),
(187, 63, 'email', 'yogya@gmail.com'),
(188, 64, 'telepon', '0274-123456'),
(189, 64, '', '081789092345'),
(190, 64, 'email', 'yogya@gmail.com'),
(191, 66, 'telepon', '0274-123456'),
(192, 66, '', '081789092345'),
(193, 66, 'email', 'yogya@gmail.com'),
(194, 68, 'telepon', '0274-123456'),
(195, 68, '', '081999888666'),
(196, 68, 'email', 'yogya@gmail.com'),
(197, 69, 'telepon', '0274-123456'),
(198, 69, '', '081999888666'),
(199, 69, 'email', 'yogya@gmail.com'),
(200, 70, 'telepon', '0274-123456'),
(201, 70, '', '081789092345'),
(202, 70, 'email', 'yogya@gmail.com'),
(203, 71, 'telepon', '0274-123456'),
(204, 71, '', '081789092345'),
(205, 71, 'email', 'yogya@gmail.com'),
(206, 74, 'telepon', '0274-123456'),
(207, 74, '', '081999888666'),
(208, 74, 'email', 'yogya@gmail.com'),
(209, 75, 'telepon', '0274-123456'),
(210, 75, '', '081999888666'),
(211, 75, 'email', 'yogya@gmail.com'),
(212, 77, 'telepon', '0274-123456'),
(213, 77, '', '081789092345'),
(214, 77, 'email', 'yogya@gmail.com'),
(231, 4, 'telepon', '0274-123456'),
(232, 4, '', '081789092345'),
(233, 4, 'email', 'melia@gmail.com'),
(237, 5, 'telepon', '0274-123456'),
(238, 5, 'email', 'tentrem@gmail.com'),
(239, 9, 'telepon', '0274-123456'),
(240, 9, '', '081789092345'),
(241, 9, 'email', 'java@gmail.com'),
(245, 11, 'telepon', '0274-123456'),
(246, 11, 'email', 'style@gmail.com'),
(247, 14, 'telepon', '0274-123456'),
(248, 14, '', '081789092345'),
(249, 14, 'email', 'yats@gmail.com'),
(255, 17, 'telepon', '0274-123456'),
(256, 17, 'email', 'eastprac@gmail.com'),
(257, 21, 'telepon', '0274-123456'),
(258, 21, '', '081789092345'),
(259, 21, 'email', 'opondok@gmail.com'),
(260, 22, 'telepon', '0274-123456'),
(261, 22, '', '081789092345'),
(262, 22, 'email', 'therich@gmail.com'),
(263, 24, 'telepon', '0274-123456'),
(264, 24, '', '081789092345'),
(265, 24, 'email', 'sofia@gmail.com'),
(269, 33, 'telepon', '0274-123456'),
(270, 33, '', '081789092345'),
(271, 33, 'email', 'mangkoro@gmail.com'),
(272, 39, 'telepon', '0274-123456'),
(273, 39, '', '081789092345'),
(274, 39, 'email', 'queen@gmail.com'),
(275, 45, 'telepon', '0274-123456'),
(276, 45, '', '081789092345'),
(277, 45, 'email', 'puri@gmail.com'),
(278, 47, 'telepon', '0274-123456'),
(279, 47, '', '081789092345'),
(280, 47, 'email', 'rosin@gmail.com'),
(281, 48, 'telepon', '0274-123456'),
(282, 48, '', '081789092345'),
(283, 48, 'email', 'dewata@gmail.com'),
(284, 54, 'telepon', '0274-123456'),
(285, 54, '', '081789092345'),
(286, 54, 'email', 'swantari@gmail.com'),
(287, 59, 'telepon', '0274-123456'),
(288, 59, '', '081789092345'),
(289, 59, 'email', 'cardia@gmail.com'),
(290, 60, 'telepon', '0274-123456'),
(291, 60, '', '081789092345'),
(292, 60, 'email', 'wates@gmail.com'),
(293, 62, 'telepon', '0274-123456'),
(294, 62, '', '081789092345'),
(295, 62, 'email', 'jungwok@gmail.com'),
(299, 72, 'telepon', '0274-123456'),
(300, 72, '', '081789092345'),
(301, 72, 'email', 'paleostone@gmail.com'),
(305, 78, 'telepon', '0274-123456'),
(306, 78, '', '081789092345'),
(307, 78, 'email', 'dealokha@gmail.com'),
(311, 15, 'telepon', '0274-123456'),
(312, 15, '', '081789092345'),
(313, 15, 'email', 'camavilla@gmail.com'),
(317, 18, 'telepon', '0274-123456'),
(318, 18, '', '081789092345'),
(319, 18, 'email', 'skavavilla@gmail.com'),
(320, 20, 'telepon', '0274-123456'),
(321, 20, '', '081789092345'),
(322, 20, 'email', 'selomartanivilla@gmail.com'),
(323, 25, 'telepon', '0274-123456'),
(324, 25, '', '081789092345'),
(325, 25, 'email', 'jkprivatevilla@gmail.com'),
(326, 26, 'telepon', '0274-123456'),
(327, 26, '', '081789092345'),
(328, 26, 'email', 'pakemvilla@mai.com'),
(329, 28, 'telepon', '0274-123456'),
(330, 28, '', '081789092345'),
(331, 28, 'email', 'samaravilla@gmail.com'),
(332, 31, 'telepon', '0274-123456'),
(333, 31, '', '081789092345'),
(334, 31, 'email', 'jiwavilla@gmail.com'),
(335, 40, 'telepon', '0274-123456'),
(336, 40, '', '081789092345'),
(337, 40, 'email', 'amarthavilla@gmail.com'),
(338, 44, 'telepon', '0274-123456'),
(339, 44, '', '081789092345'),
(340, 44, 'email', 'villacantik@gmail.com'),
(341, 67, 'telepon', '0274-123456'),
(342, 67, '', '081789092345'),
(343, 67, 'email', 'hehaoceanvilla@gmail.com'),
(344, 73, 'telepon', '0274-123456'),
(345, 73, '', '081789092345'),
(346, 73, 'email', 'teraskacavilla@gmail.com'),
(349, 3, 'telepon', '0274-123456'),
(350, 3, 'email', 'saphir@gmail.com'),
(355, 27, 'telepon', '0274-123456'),
(356, 27, 'email', 'hotelo@gmail.com'),
(357, 16, 'telepon', '0274-123456'),
(358, 16, 'email', 'cangkringanvilla@gmail.com'),
(359, 65, 'telepon', '0274-123456'),
(360, 65, 'email', 'santika@gmail.com'),
(361, 76, 'telepon', '0274-123456'),
(362, 76, 'email', 'kukuphotel@gmail.com'),
(363, 1, 'telepon', '0274-123456'),
(364, 1, 'email', 'simply@gmail.com'),
(365, 2, 'telepon', '0274-123456'),
(366, 2, 'email', 'aston@gmail.com'),
(367, 12, 'telepon', '0274-123456'),
(368, 12, 'email', 'ezevilla@gmail.com');

-- --------------------------------------------------------

--
-- Table structure for table `log_aktivitas_admin`
--

CREATE TABLE `log_aktivitas_admin` (
  `id_log` int(11) NOT NULL,
  `id_admin` int(11) NOT NULL,
  `aksi` varchar(150) NOT NULL,
  `deskripsi` text DEFAULT NULL,
  `created_at` timestamp NOT NULL DEFAULT current_timestamp()
) ENGINE=InnoDB DEFAULT CHARSET=utf8mb4 COLLATE=utf8mb4_general_ci;

--
-- Dumping data for table `log_aktivitas_admin`
--

INSERT INTO `log_aktivitas_admin` (`id_log`, `id_admin`, `aksi`, `deskripsi`, `created_at`) VALUES
(1, 6, 'Update Status User', 'Admin ID 6 mengubah status user ID 7 menjadi aktif', '2025-12-25 02:45:20'),
(2, 6, 'Tambah Blog', 'Admin ID 6 menambahkan blog berjudul \'Tips pilih hotel untuk traveler\'', '2025-12-25 02:59:23'),
(3, 6, 'Hapus Blog', 'Admin ID 6 menghapus blog ID 25 berjudul \'Tips pilih hotel untuk traveler\'', '2025-12-25 03:01:39'),
(4, 6, 'Tambah Blog', 'Admin ID 6 menambahkan blog berjudul \'Tips pilih hotel untuk traveler\'', '2025-12-25 03:02:03'),
(5, 6, 'Edit Blog', 'Admin ID 6 mengubah blog ID 27 menjadi judul \'\'', '2025-12-25 03:02:06'),
(6, 6, 'Edit Blog', 'Admin ID 6 mengubah blog ID 27 menjadi judul \'\'', '2025-12-25 03:03:43'),
(7, 6, 'Edit Blog', 'Admin ID 6 mengubah blog ID 27 menjadi judul \'\'', '2025-12-25 03:04:18'),
(8, 6, 'Edit Blog', 'Admin ID 6 mengubah blog ID 27 berjudul \'Tips pilih hotel untuk traveler\' dari status \'draft\' menjadi \'publish\'', '2025-12-25 03:07:03'),
(9, 6, 'Edit Blog', 'Admin ID 6 mengubah blog ID 27 berjudul \'Tips pilih hotel dan penginapan untuk traveler\'', '2025-12-25 03:07:18'),
(10, 6, 'Hapus Blog', 'Admin ID 6 menghapus blog ID 27 berjudul \'Tips pilih hotel dan penginapan untuk traveler\'', '2025-12-25 03:07:42'),
(11, 6, 'Tambah Blog', 'Admin ID 6 menambahkan blog berjudul \'Tips pilih hotel untuk traveler\'', '2025-12-25 03:08:26'),
(12, 6, 'Hapus Blog', 'Admin ID 6 menghapus blog ID 28 berjudul \'Tips pilih hotel untuk traveler\'', '2025-12-25 03:08:48'),
(13, 6, 'Update Status User', 'Admin ID 6 mengubah status user ID 7 menjadi aktif', '2025-12-28 06:40:34'),
(14, 6, 'Update Status User', 'Admin ID 6 mengubah status user ID 7 menjadi nonaktif', '2025-12-28 06:40:36'),
(15, 6, 'Edit Blog', 'Admin ID 6 mengubah blog ID 29 berjudul \'Tips pilih penginapna untuk traveler\' dari status \'publish\' menjadi \'draft\'', '2025-12-28 06:44:28'),
(16, 6, 'Hapus Blog', 'Admin ID 6 menghapus blog ID 29 berjudul \'Tips pilih penginapna untuk traveler\'', '2025-12-28 06:45:03'),
(18, 6, 'Approve Pembatalan', 'Admin ID 6 menyetujui pembatalan booking JS-682680 atas nama Na Jaemin dengan total refund Rp 17.109.868', '2025-12-29 09:17:16'),
(19, 6, 'Tolak Pembatalan', 'Admin ID 6 menolak pembatalan booking JS-224026 atas nama Na Jaemin. Alasan: alasan tidak dapat diterima', '2025-12-29 09:20:16'),
(20, 6, 'Tambah Tipe Kamar', 'Admin ID 6 menambahkan tipe kamar \'Standard\' di penginapan \'Omah Sawo Guesthouse\' dengan harga Rp 350,000 per malam (5 kamar)', '2025-12-21 14:55:42'),
(21, 6, 'Tambah Tipe Kamar', 'Admin ID 6 menambahkan tipe kamar \'Family\' di penginapan \'Omah Sawo Guesthouse\' dengan harga Rp 500,000 per malam (2 kamar)', '2025-12-02 14:55:42'),
(22, 6, 'Tambah Tipe Kamar', 'Admin ID 6 menambahkan tipe kamar \'Standard\' di penginapan \'Putra Pandawa Homestay\' dengan harga Rp 300,000 per malam (5 kamar)', '2025-12-21 14:55:42'),
(23, 6, 'Tambah Tipe Kamar', 'Admin ID 6 menambahkan tipe kamar \'Family\' di penginapan \'Putra Pandawa Homestay\' dengan harga Rp 450,000 per malam (2 kamar)', '2025-12-05 14:55:42'),
(24, 6, 'Tambah Tipe Kamar', 'Admin ID 6 menambahkan tipe kamar \'Standard\' di penginapan \'Omah Jago Homestay\' dengan harga Rp 1,500,000 per malam (5 kamar)', '2025-12-08 14:55:42'),
(25, 6, 'Tambah Tipe Kamar', 'Admin ID 6 menambahkan tipe kamar \'Family\' di penginapan \'Omah Jago Homestay\' dengan harga Rp 1,650,000 per malam (2 kamar)', '2025-12-03 14:55:42'),
(26, 6, 'Tambah Tipe Kamar', 'Admin ID 6 menambahkan tipe kamar \'Standard\' di penginapan \'Ngampilan Residence\' dengan harga Rp 250,000 per malam (5 kamar)', '2025-12-01 14:55:42'),
(27, 6, 'Tambah Tipe Kamar', 'Admin ID 6 menambahkan tipe kamar \'Family\' di penginapan \'Ngampilan Residence\' dengan harga Rp 400,000 per malam (2 kamar)', '2025-12-02 14:55:42'),
(28, 6, 'Tambah Tipe Kamar', 'Admin ID 6 menambahkan tipe kamar \'Standard\' di penginapan \'Ayra Homestay\' dengan harga Rp 350,000 per malam (5 kamar)', '2025-12-03 14:55:42'),
(29, 6, 'Tambah Tipe Kamar', 'Admin ID 6 menambahkan tipe kamar \'Family\' di penginapan \'Ayra Homestay\' dengan harga Rp 500,000 per malam (2 kamar)', '2025-12-13 14:55:42'),
(30, 6, 'Tambah Tipe Kamar', 'Admin ID 6 menambahkan tipe kamar \'Standard\' di penginapan \'Omah Embun\' dengan harga Rp 100,000 per malam (5 kamar)', '2025-12-18 14:55:42'),
(31, 6, 'Tambah Tipe Kamar', 'Admin ID 6 menambahkan tipe kamar \'Family\' di penginapan \'Omah Embun\' dengan harga Rp 250,000 per malam (2 kamar)', '2025-12-18 14:55:42'),
(32, 6, 'Tambah Tipe Kamar', 'Admin ID 6 menambahkan tipe kamar \'Standard\' di penginapan \'Omah Kecebong\' dengan harga Rp 450,000 per malam (5 kamar)', '2025-12-18 14:55:42'),
(33, 6, 'Tambah Tipe Kamar', 'Admin ID 6 menambahkan tipe kamar \'Family\' di penginapan \'Omah Kecebong\' dengan harga Rp 600,000 per malam (2 kamar)', '2025-11-30 14:55:42'),
(34, 6, 'Tambah Tipe Kamar', 'Admin ID 6 menambahkan tipe kamar \'Standard\' di penginapan \'Rumah Uti Paviliun\' dengan harga Rp 400,000 per malam (5 kamar)', '2025-12-17 14:55:42'),
(35, 6, 'Tambah Tipe Kamar', 'Admin ID 6 menambahkan tipe kamar \'Family\' di penginapan \'Rumah Uti Paviliun\' dengan harga Rp 550,000 per malam (2 kamar)', '2025-12-17 14:55:42'),
(36, 6, 'Tambah Tipe Kamar', 'Admin ID 6 menambahkan tipe kamar \'Standard\' di penginapan \'nDalem Eyang Dwijo\' dengan harga Rp 132,321 per malam (5 kamar)', '2025-12-04 14:55:42'),
(37, 6, 'Tambah Tipe Kamar', 'Admin ID 6 menambahkan tipe kamar \'Family\' di penginapan \'nDalem Eyang Dwijo\' dengan harga Rp 282,231 per malam (2 kamar)', '2025-12-28 14:55:42'),
(38, 6, 'Tambah Tipe Kamar', 'Admin ID 6 menambahkan tipe kamar \'Standard\' di penginapan \'Wisma Sanggrahan\' dengan harga Rp 200,000 per malam (5 kamar)', '2025-11-30 14:55:42'),
(39, 6, 'Tambah Tipe Kamar', 'Admin ID 6 menambahkan tipe kamar \'Family\' di penginapan \'Wisma Sanggrahan\' dengan harga Rp 350,000 per malam (2 kamar)', '2025-12-28 14:55:42'),
(40, 6, 'Tambah Tipe Kamar', 'Admin ID 6 menambahkan tipe kamar \'Standard\' di penginapan \'Omah Putih Homestay\' dengan harga Rp 1,192,500 per malam (5 kamar)', '2025-12-03 14:55:42'),
(41, 6, 'Tambah Tipe Kamar', 'Admin ID 6 menambahkan tipe kamar \'Family\' di penginapan \'Omah Putih Homestay\' dengan harga Rp 1,342,500 per malam (2 kamar)', '2025-12-21 14:55:42'),
(42, 6, 'Tambah Tipe Kamar', 'Admin ID 6 menambahkan tipe kamar \'Standard\' di penginapan \'Homestay Mangunan\' dengan harga Rp 250,000 per malam (5 kamar)', '2025-12-05 14:55:42'),
(43, 6, 'Tambah Tipe Kamar', 'Admin ID 6 menambahkan tipe kamar \'Family\' di penginapan \'Homestay Mangunan\' dengan harga Rp 400,000 per malam (2 kamar)', '2025-12-23 14:55:42'),
(44, 6, 'Tambah Tipe Kamar', 'Admin ID 6 menambahkan tipe kamar \'Standard\' di penginapan \'Homestay Wukirsari\' dengan harga Rp 200,000 per malam (5 kamar)', '2025-12-12 14:55:42'),
(45, 6, 'Tambah Tipe Kamar', 'Admin ID 6 menambahkan tipe kamar \'Family\' di penginapan \'Homestay Wukirsari\' dengan harga Rp 350,000 per malam (2 kamar)', '2025-12-20 14:55:42'),
(46, 6, 'Tambah Tipe Kamar', 'Admin ID 6 menambahkan tipe kamar \'Standard\' di penginapan \'Omah Zunie\' dengan harga Rp 200,000 per malam (5 kamar)', '2025-12-06 14:55:42'),
(47, 6, 'Tambah Tipe Kamar', 'Admin ID 6 menambahkan tipe kamar \'Family\' di penginapan \'Omah Zunie\' dengan harga Rp 350,000 per malam (2 kamar)', '2025-11-30 14:55:42'),
(48, 6, 'Tambah Tipe Kamar', 'Admin ID 6 menambahkan tipe kamar \'Standard\' di penginapan \'Kamala House\' dengan harga Rp 316,375 per malam (5 kamar)', '2025-12-14 14:55:42'),
(49, 6, 'Tambah Tipe Kamar', 'Admin ID 6 menambahkan tipe kamar \'Family\' di penginapan \'Kamala House\' dengan harga Rp 466,375 per malam (2 kamar)', '2025-12-10 14:55:42'),
(50, 6, 'Tambah Tipe Kamar', 'Admin ID 6 menambahkan tipe kamar \'Standard\' di penginapan \'Yukke Tembi Homestay\' dengan harga Rp 318,755 per malam (5 kamar)', '2025-12-05 14:55:42'),
(51, 6, 'Tambah Tipe Kamar', 'Admin ID 6 menambahkan tipe kamar \'Family\' di penginapan \'Yukke Tembi Homestay\' dengan harga Rp 468,755 per malam (2 kamar)', '2025-12-04 14:55:42'),
(52, 6, 'Tambah Tipe Kamar', 'Admin ID 6 menambahkan tipe kamar \'Standard\' di penginapan \'Joglo Ndalem Sabine\' dengan harga Rp 250,000 per malam (5 kamar)', '2025-12-07 14:55:42'),
(53, 6, 'Tambah Tipe Kamar', 'Admin ID 6 menambahkan tipe kamar \'Family\' di penginapan \'Joglo Ndalem Sabine\' dengan harga Rp 400,000 per malam (2 kamar)', '2025-12-24 14:55:42'),
(54, 6, 'Tambah Tipe Kamar', 'Admin ID 6 menambahkan tipe kamar \'Standard\' di penginapan \'Omah Andini\' dengan harga Rp 400,000 per malam (5 kamar)', '2025-12-10 14:55:42'),
(55, 6, 'Tambah Tipe Kamar', 'Admin ID 6 menambahkan tipe kamar \'Family\' di penginapan \'Omah Andini\' dengan harga Rp 550,000 per malam (2 kamar)', '2025-12-05 14:55:42'),
(56, 6, 'Tambah Tipe Kamar', 'Admin ID 6 menambahkan tipe kamar \'Standard\' di penginapan \'Banbili Homestay\' dengan harga Rp 400,000 per malam (5 kamar)', '2025-12-05 14:55:42'),
(57, 6, 'Tambah Tipe Kamar', 'Admin ID 6 menambahkan tipe kamar \'Family\' di penginapan \'Banbili Homestay\' dengan harga Rp 550,000 per malam (2 kamar)', '2025-12-25 14:55:42'),
(58, 6, 'Tambah Tipe Kamar', 'Admin ID 6 menambahkan tipe kamar \'Standard\' di penginapan \'Yusman Homestay Syariah\' dengan harga Rp 132,786 per malam (5 kamar)', '2025-12-25 14:55:42'),
(59, 6, 'Tambah Tipe Kamar', 'Admin ID 6 menambahkan tipe kamar \'Family\' di penginapan \'Yusman Homestay Syariah\' dengan harga Rp 282,786 per malam (2 kamar)', '2025-12-23 14:55:42'),
(60, 6, 'Tambah Tipe Kamar', 'Admin ID 6 menambahkan tipe kamar \'Standard\' di penginapan \'Omah Watu Blencong\' dengan harga Rp 100,000 per malam (5 kamar)', '2025-12-12 14:55:42'),
(61, 6, 'Tambah Tipe Kamar', 'Admin ID 6 menambahkan tipe kamar \'Family\' di penginapan \'Omah Watu Blencong\' dengan harga Rp 250,000 per malam (2 kamar)', '2025-12-22 14:55:42'),
(62, 6, 'Tambah Tipe Kamar', 'Admin ID 6 menambahkan tipe kamar \'Standard\' di penginapan \'Homestay Kalibawang\' dengan harga Rp 150,000 per malam (5 kamar)', '2025-12-14 14:55:42'),
(63, 6, 'Tambah Tipe Kamar', 'Admin ID 6 menambahkan tipe kamar \'Family\' di penginapan \'Homestay Kalibawang\' dengan harga Rp 300,000 per malam (2 kamar)', '2025-12-04 14:55:42'),
(64, 6, 'Tambah Tipe Kamar', 'Admin ID 6 menambahkan tipe kamar \'Standard\' di penginapan \'Jemakir Homestay\' dengan harga Rp 115,837 per malam (5 kamar)', '2025-12-07 14:55:42'),
(65, 6, 'Tambah Tipe Kamar', 'Admin ID 6 menambahkan tipe kamar \'Family\' di penginapan \'Jemakir Homestay\' dengan harga Rp 265,837 per malam (2 kamar)', '2025-12-26 14:55:42'),
(66, 6, 'Tambah Tipe Kamar', 'Admin ID 6 menambahkan tipe kamar \'Standard\' di penginapan \'Homestay Galuh\' dengan harga Rp 150,000 per malam (5 kamar)', '2025-12-17 14:55:42'),
(67, 6, 'Tambah Tipe Kamar', 'Admin ID 6 menambahkan tipe kamar \'Family\' di penginapan \'Homestay Galuh\' dengan harga Rp 300,000 per malam (2 kamar)', '2025-12-11 14:55:42'),
(68, 6, 'Tambah Tipe Kamar', 'Admin ID 6 menambahkan tipe kamar \'Standard\' di penginapan \'Homestay Panjatan\' dengan harga Rp 120,000 per malam (5 kamar)', '2025-12-11 14:55:42'),
(69, 6, 'Tambah Tipe Kamar', 'Admin ID 6 menambahkan tipe kamar \'Family\' di penginapan \'Homestay Panjatan\' dengan harga Rp 270,000 per malam (2 kamar)', '2025-12-25 14:55:42'),
(70, 6, 'Tambah Tipe Kamar', 'Admin ID 6 menambahkan tipe kamar \'Standard\' di penginapan \'Griya Harja Homestay\' dengan harga Rp 123,967 per malam (5 kamar)', '2025-12-02 14:55:42'),
(71, 6, 'Tambah Tipe Kamar', 'Admin ID 6 menambahkan tipe kamar \'Family\' di penginapan \'Griya Harja Homestay\' dengan harga Rp 273,967 per malam (2 kamar)', '2025-12-26 14:55:42'),
(72, 6, 'Tambah Tipe Kamar', 'Admin ID 6 menambahkan tipe kamar \'Standard\' di penginapan \'Homestay Banyumili\' dengan harga Rp 50,000 per malam (5 kamar)', '2025-12-03 14:55:42'),
(73, 6, 'Tambah Tipe Kamar', 'Admin ID 6 menambahkan tipe kamar \'Family\' di penginapan \'Homestay Banyumili\' dengan harga Rp 200,000 per malam (2 kamar)', '2025-12-28 14:55:42'),
(74, 6, 'Tambah Tipe Kamar', 'Admin ID 6 menambahkan tipe kamar \'Standard\' di penginapan \'Homestay Sentolo\' dengan harga Rp 150,000 per malam (5 kamar)', '2025-12-11 14:55:42'),
(75, 6, 'Tambah Tipe Kamar', 'Admin ID 6 menambahkan tipe kamar \'Family\' di penginapan \'Homestay Sentolo\' dengan harga Rp 300,000 per malam (2 kamar)', '2025-12-04 14:55:42'),
(76, 6, 'Tambah Tipe Kamar', 'Admin ID 6 menambahkan tipe kamar \'Standard\' di penginapan \'Homestay Gedangsari\' dengan harga Rp 150,000 per malam (5 kamar)', '2025-12-16 14:55:42'),
(77, 6, 'Tambah Tipe Kamar', 'Admin ID 6 menambahkan tipe kamar \'Family\' di penginapan \'Homestay Gedangsari\' dengan harga Rp 300,000 per malam (2 kamar)', '2025-12-21 14:55:42'),
(78, 6, 'Tambah Tipe Kamar', 'Admin ID 6 menambahkan tipe kamar \'Standard\' di penginapan \'Amini Guest House\' dengan harga Rp 137,968 per malam (5 kamar)', '2025-12-07 14:55:42'),
(79, 6, 'Tambah Tipe Kamar', 'Admin ID 6 menambahkan tipe kamar \'Family\' di penginapan \'Amini Guest House\' dengan harga Rp 287,968 per malam (2 kamar)', '2025-12-25 14:55:42'),
(80, 6, 'Tambah Tipe Kamar', 'Admin ID 6 menambahkan tipe kamar \'Standard\' di penginapan \'Homestay Ngawen\' dengan harga Rp 150,000 per malam (5 kamar)', '2025-12-17 14:55:42'),
(81, 6, 'Tambah Tipe Kamar', 'Admin ID 6 menambahkan tipe kamar \'Family\' di penginapan \'Homestay Ngawen\' dengan harga Rp 300,000 per malam (2 kamar)', '2025-12-09 14:55:42'),
(82, 6, 'Tambah Tipe Kamar', 'Admin ID 6 menambahkan tipe kamar \'Standard\' di penginapan \'Homestay Paliyan\' dengan harga Rp 120,000 per malam (5 kamar)', '2025-12-11 14:55:42'),
(83, 6, 'Tambah Tipe Kamar', 'Admin ID 6 menambahkan tipe kamar \'Family\' di penginapan \'Homestay Paliyan\' dengan harga Rp 270,000 per malam (2 kamar)', '2025-12-18 14:55:42'),
(84, 6, 'Tambah Tipe Kamar', 'Admin ID 6 menambahkan tipe kamar \'Standard\' di penginapan \'Maryam Homestay Syariah 2\' dengan harga Rp 96,340 per malam (5 kamar)', '2025-12-26 14:55:42'),
(85, 6, 'Tambah Tipe Kamar', 'Admin ID 6 menambahkan tipe kamar \'Family\' di penginapan \'Maryam Homestay Syariah 2\' dengan harga Rp 246,340 per malam (2 kamar)', '2025-12-16 14:55:42'),
(86, 6, 'Tambah Tipe Kamar', 'Admin ID 6 menambahkan tipe kamar \'Standard\' di penginapan \'Omah Anggur\' dengan harga Rp 150,000 per malam (5 kamar)', '2025-12-03 14:55:42'),
(87, 6, 'Tambah Tipe Kamar', 'Admin ID 6 menambahkan tipe kamar \'Family\' di penginapan \'Omah Anggur\' dengan harga Rp 300,000 per malam (2 kamar)', '2025-12-27 14:55:42'),
(88, 6, 'Tambah Tipe Kamar', 'Admin ID 6 menambahkan tipe kamar \'Standard\' di penginapan \'Homestay Alrisqi\' dengan harga Rp 150,000 per malam (5 kamar)', '2025-12-05 14:55:42'),
(89, 6, 'Tambah Tipe Kamar', 'Admin ID 6 menambahkan tipe kamar \'Family\' di penginapan \'Homestay Alrisqi\' dengan harga Rp 300,000 per malam (2 kamar)', '2025-12-07 14:55:42'),
(90, 6, 'Tambah Tipe Kamar', 'Admin ID 6 menambahkan tipe kamar \'Standard\' di penginapan \'Khayla Homestay Syariah\' dengan harga Rp 499,993 per malam (5 kamar)', '2025-12-21 14:55:42'),
(91, 6, 'Tambah Tipe Kamar', 'Admin ID 6 menambahkan tipe kamar \'Family\' di penginapan \'Khayla Homestay Syariah\' dengan harga Rp 649,993 per malam (2 kamar)', '2025-12-25 14:55:42'),
(92, 6, 'Tambah Tipe Kamar', 'Admin ID 6 menambahkan tipe kamar \'Standard\' di penginapan \'Arta Graha\' dengan harga Rp 341,303 per malam (5 kamar)', '2025-12-21 14:55:42'),
(93, 6, 'Tambah Tipe Kamar', 'Admin ID 6 menambahkan tipe kamar \'Family\' di penginapan \'Arta Graha\' dengan harga Rp 491,303 per malam (2 kamar)', '2025-12-09 14:55:42'),
(94, 6, 'Tambah Tipe Kamar', 'Admin ID 6 menambahkan tipe kamar \'Standard\' di penginapan \'Homestay Semin\' dengan harga Rp 120,000 per malam (5 kamar)', '2025-12-10 14:55:42'),
(95, 6, 'Tambah Tipe Kamar', 'Admin ID 6 menambahkan tipe kamar \'Family\' di penginapan \'Homestay Semin\' dengan harga Rp 270,000 per malam (2 kamar)', '2025-12-24 14:55:42'),
(96, 6, 'Tambah Tipe Kamar', 'Admin ID 6 menambahkan tipe kamar \'Standard\' di penginapan \'Rock Garden Homestay\' dengan harga Rp 212,427 per malam (5 kamar)', '2025-12-07 14:55:42'),
(97, 6, 'Tambah Tipe Kamar', 'Admin ID 6 menambahkan tipe kamar \'Family\' di penginapan \'Rock Garden Homestay\' dengan harga Rp 362,427 per malam (2 kamar)', '2025-12-29 14:55:42'),
(98, 6, 'Tambah Tipe Kamar', 'Admin ID 6 menambahkan tipe kamar \'Superior\' di penginapan \'Melia Purosani Yogyakarta\' dengan harga Rp 1,600,000 per malam (20 kamar)', '2025-12-12 14:55:42'),
(99, 6, 'Tambah Tipe Kamar', 'Admin ID 6 menambahkan tipe kamar \'Deluxe\' di penginapan \'Melia Purosani Yogyakarta\' dengan harga Rp 1,900,000 per malam (15 kamar)', '2025-12-19 14:55:42'),
(100, 6, 'Tambah Tipe Kamar', 'Admin ID 6 menambahkan tipe kamar \'Suite\' di penginapan \'Melia Purosani Yogyakarta\' dengan harga Rp 2,400,000 per malam (5 kamar)', '2025-12-01 14:55:42'),
(101, 6, 'Tambah Tipe Kamar', 'Admin ID 6 menambahkan tipe kamar \'Superior\' di penginapan \'Hotel Tentrem Yogyakarta\' dengan harga Rp 2,415,852 per malam (20 kamar)', '2025-12-07 14:55:42'),
(102, 6, 'Tambah Tipe Kamar', 'Admin ID 6 menambahkan tipe kamar \'Deluxe\' di penginapan \'Hotel Tentrem Yogyakarta\' dengan harga Rp 2,715,852 per malam (15 kamar)', '2025-12-03 14:55:42'),
(103, 6, 'Tambah Tipe Kamar', 'Admin ID 6 menambahkan tipe kamar \'Suite\' di penginapan \'Hotel Tentrem Yogyakarta\' dengan harga Rp 3,125,852 per malam (5 kamar)', '2025-12-24 14:55:42'),
(104, 6, 'Tambah Tipe Kamar', 'Admin ID 6 menambahkan tipe kamar \'Superior\' di penginapan \'Java Villas Hotel\' dengan harga Rp 600,000 per malam (20 kamar)', '2025-12-20 14:55:42'),
(105, 6, 'Tambah Tipe Kamar', 'Admin ID 6 menambahkan tipe kamar \'Deluxe\' di penginapan \'Java Villas Hotel\' dengan harga Rp 900,000 per malam (15 kamar)', '2025-12-04 14:55:42'),
(106, 6, 'Tambah Tipe Kamar', 'Admin ID 6 menambahkan tipe kamar \'Suite\' di penginapan \'Java Villas Hotel\' dengan harga Rp 1,400,000 per malam (5 kamar)', '2025-12-21 14:55:42'),
(107, 6, 'Tambah Tipe Kamar', 'Admin ID 6 menambahkan tipe kamar \'Superior\' di penginapan \'1O1 STYLE Malioboro\' dengan harga Rp 615,503 per malam (20 kamar)', '2025-12-11 14:55:42'),
(108, 6, 'Tambah Tipe Kamar', 'Admin ID 6 menambahkan tipe kamar \'Deluxe\' di penginapan \'1O1 STYLE Malioboro\' dengan harga Rp 915,503 per malam (15 kamar)', '2025-12-16 14:55:42'),
(109, 6, 'Tambah Tipe Kamar', 'Admin ID 6 menambahkan tipe kamar \'Suite\' di penginapan \'1O1 STYLE Malioboro\' dengan harga Rp 1,415,503 per malam (5 kamar)', '2025-12-18 14:55:42'),
(110, 6, 'Tambah Tipe Kamar', 'Admin ID 6 menambahkan tipe kamar \'Superior\' di penginapan \'YATS Colony\' dengan harga Rp 550,000 per malam (20 kamar)', '2025-12-26 14:55:42'),
(111, 6, 'Tambah Tipe Kamar', 'Admin ID 6 menambahkan tipe kamar \'Deluxe\' di penginapan \'YATS Colony\' dengan harga Rp 850,000 per malam (15 kamar)', '2025-12-03 14:55:42'),
(112, 6, 'Tambah Tipe Kamar', 'Admin ID 6 menambahkan tipe kamar \'Suite\' di penginapan \'YATS Colony\' dengan harga Rp 1,350,000 per malam (5 kamar)', '2025-12-26 14:55:42'),
(113, 6, 'Tambah Tipe Kamar', 'Admin ID 6 menambahkan tipe kamar \'Superior\' di penginapan \'Eastparc Hotel Yogyakarta\' dengan harga Rp 1,200,000 per malam (20 kamar)', '2025-11-30 14:55:42'),
(114, 6, 'Tambah Tipe Kamar', 'Admin ID 6 menambahkan tipe kamar \'Deluxe\' di penginapan \'Eastparc Hotel Yogyakarta\' dengan harga Rp 1,500,000 per malam (15 kamar)', '2025-12-12 14:55:42'),
(115, 6, 'Tambah Tipe Kamar', 'Admin ID 6 menambahkan tipe kamar \'Suite\' di penginapan \'Eastparc Hotel Yogyakarta\' dengan harga Rp 2,000,000 per malam (5 kamar)', '2025-12-02 14:55:42'),
(116, 6, 'Tambah Tipe Kamar', 'Admin ID 6 menambahkan tipe kamar \'Superior\' di penginapan \'Hotel O Pondok Inspirasi\' dengan harga Rp 111,171 per malam (20 kamar)', '2025-12-08 14:55:42'),
(117, 6, 'Tambah Tipe Kamar', 'Admin ID 6 menambahkan tipe kamar \'Deluxe\' di penginapan \'Hotel O Pondok Inspirasi\' dengan harga Rp 411,171 per malam (15 kamar)', '2025-12-22 14:55:42'),
(118, 6, 'Tambah Tipe Kamar', 'Admin ID 6 menambahkan tipe kamar \'Suite\' di penginapan \'Hotel O Pondok Inspirasi\' dengan harga Rp 911,171 per malam (5 kamar)', '2025-12-25 14:55:42'),
(119, 6, 'Tambah Tipe Kamar', 'Admin ID 6 menambahkan tipe kamar \'Superior\' di penginapan \'The Rich Jogja Hotel\' dengan harga Rp 800,000 per malam (20 kamar)', '2025-12-01 14:55:42'),
(120, 6, 'Tambah Tipe Kamar', 'Admin ID 6 menambahkan tipe kamar \'Deluxe\' di penginapan \'The Rich Jogja Hotel\' dengan harga Rp 1,100,000 per malam (15 kamar)', '2025-12-21 14:55:42'),
(121, 6, 'Tambah Tipe Kamar', 'Admin ID 6 menambahkan tipe kamar \'Suite\' di penginapan \'The Rich Jogja Hotel\' dengan harga Rp 1,600,000 per malam (5 kamar)', '2025-12-10 14:55:42'),
(122, 6, 'Tambah Tipe Kamar', 'Admin ID 6 menambahkan tipe kamar \'Superior\' di penginapan \'Sofia Boutique Residence\' dengan harga Rp 1,100,000 per malam (20 kamar)', '2025-12-09 14:55:42'),
(123, 6, 'Tambah Tipe Kamar', 'Admin ID 6 menambahkan tipe kamar \'Deluxe\' di penginapan \'Sofia Boutique Residence\' dengan harga Rp 1,400,000 per malam (15 kamar)', '2025-12-13 14:55:42'),
(124, 6, 'Tambah Tipe Kamar', 'Admin ID 6 menambahkan tipe kamar \'Suite\' di penginapan \'Sofia Boutique Residence\' dengan harga Rp 1,900,000 per malam (5 kamar)', '2025-12-10 14:55:42'),
(125, 6, 'Tambah Tipe Kamar', 'Admin ID 6 menambahkan tipe kamar \'Superior\' di penginapan \'The Mangkoro Hotel\' dengan harga Rp 340,164 per malam (20 kamar)', '2025-12-19 14:55:42'),
(126, 6, 'Tambah Tipe Kamar', 'Admin ID 6 menambahkan tipe kamar \'Deluxe\' di penginapan \'The Mangkoro Hotel\' dengan harga Rp 640,164 per malam (15 kamar)', '2025-12-13 14:55:42'),
(127, 6, 'Tambah Tipe Kamar', 'Admin ID 6 menambahkan tipe kamar \'Suite\' di penginapan \'The Mangkoro Hotel\' dengan harga Rp 1,140,164 per malam (5 kamar)', '2025-12-08 14:55:42'),
(128, 6, 'Tambah Tipe Kamar', 'Admin ID 6 menambahkan tipe kamar \'Superior\' di penginapan \'Queen of The South Resort\' dengan harga Rp 1,282,278 per malam (20 kamar)', '2025-12-06 14:55:42'),
(129, 6, 'Tambah Tipe Kamar', 'Admin ID 6 menambahkan tipe kamar \'Deluxe\' di penginapan \'Queen of The South Resort\' dengan harga Rp 1,582,278 per malam (15 kamar)', '2025-12-01 14:55:42'),
(130, 6, 'Tambah Tipe Kamar', 'Admin ID 6 menambahkan tipe kamar \'Suite\' di penginapan \'Queen of The South Resort\' dengan harga Rp 2,082,278 per malam (5 kamar)', '2025-12-20 14:55:42'),
(131, 6, 'Tambah Tipe Kamar', 'Admin ID 6 menambahkan tipe kamar \'Superior\' di penginapan \'Hotel Puri Brata\' dengan harga Rp 438,160 per malam (20 kamar)', '2025-12-10 14:55:42'),
(132, 6, 'Tambah Tipe Kamar', 'Admin ID 6 menambahkan tipe kamar \'Deluxe\' di penginapan \'Hotel Puri Brata\' dengan harga Rp 738,160 per malam (15 kamar)', '2025-12-22 14:55:42'),
(133, 6, 'Tambah Tipe Kamar', 'Admin ID 6 menambahkan tipe kamar \'Suite\' di penginapan \'Hotel Puri Brata\' dengan harga Rp 1,238,160 per malam (5 kamar)', '2025-12-20 14:55:42'),
(134, 6, 'Tambah Tipe Kamar', 'Admin ID 6 menambahkan tipe kamar \'Superior\' di penginapan \'Ros In Hotel\' dengan harga Rp 401,850 per malam (20 kamar)', '2025-12-20 14:55:42'),
(135, 6, 'Tambah Tipe Kamar', 'Admin ID 6 menambahkan tipe kamar \'Deluxe\' di penginapan \'Ros In Hotel\' dengan harga Rp 701,850 per malam (15 kamar)', '2025-12-26 14:55:42'),
(136, 6, 'Tambah Tipe Kamar', 'Admin ID 6 menambahkan tipe kamar \'Suite\' di penginapan \'Ros In Hotel\' dengan harga Rp 1,201,850 per malam (5 kamar)', '2025-12-11 14:55:42'),
(137, 6, 'Tambah Tipe Kamar', 'Admin ID 6 menambahkan tipe kamar \'Superior\' di penginapan \'Hotel Dewata YIA\' dengan harga Rp 150,000 per malam (20 kamar)', '2025-12-06 14:55:42'),
(138, 6, 'Tambah Tipe Kamar', 'Admin ID 6 menambahkan tipe kamar \'Deluxe\' di penginapan \'Hotel Dewata YIA\' dengan harga Rp 450,000 per malam (15 kamar)', '2025-12-28 14:55:42'),
(139, 6, 'Tambah Tipe Kamar', 'Admin ID 6 menambahkan tipe kamar \'Suite\' di penginapan \'Hotel Dewata YIA\' dengan harga Rp 950,000 per malam (5 kamar)', '2025-12-04 14:55:42'),
(140, 6, 'Tambah Tipe Kamar', 'Admin ID 6 menambahkan tipe kamar \'Superior\' di penginapan \'The Swantari by ARBA\' dengan harga Rp 501,552 per malam (20 kamar)', '2025-12-02 14:55:42'),
(141, 6, 'Tambah Tipe Kamar', 'Admin ID 6 menambahkan tipe kamar \'Deluxe\' di penginapan \'The Swantari by ARBA\' dengan harga Rp 801,552 per malam (15 kamar)', '2025-12-07 14:55:42'),
(142, 6, 'Tambah Tipe Kamar', 'Admin ID 6 menambahkan tipe kamar \'Suite\' di penginapan \'The Swantari by ARBA\' dengan harga Rp 1,301,552 per malam (5 kamar)', '2025-11-30 14:55:42'),
(143, 6, 'Tambah Tipe Kamar', 'Admin ID 6 menambahkan tipe kamar \'Superior\' di penginapan \'Cordia Hotel\' dengan harga Rp 800,000 per malam (20 kamar)', '2025-12-17 14:55:42'),
(144, 6, 'Tambah Tipe Kamar', 'Admin ID 6 menambahkan tipe kamar \'Deluxe\' di penginapan \'Cordia Hotel\' dengan harga Rp 1,100,000 per malam (15 kamar)', '2025-12-12 14:55:42'),
(145, 6, 'Tambah Tipe Kamar', 'Admin ID 6 menambahkan tipe kamar \'Suite\' di penginapan \'Cordia Hotel\' dengan harga Rp 1,600,000 per malam (5 kamar)', '2025-12-08 14:55:42'),
(146, 6, 'Tambah Tipe Kamar', 'Admin ID 6 menambahkan tipe kamar \'Superior\' di penginapan \'King Hotel Wates\' dengan harga Rp 300,000 per malam (20 kamar)', '2025-12-06 14:55:42'),
(147, 6, 'Tambah Tipe Kamar', 'Admin ID 6 menambahkan tipe kamar \'Deluxe\' di penginapan \'King Hotel Wates\' dengan harga Rp 600,000 per malam (15 kamar)', '2025-12-08 14:55:42'),
(148, 6, 'Tambah Tipe Kamar', 'Admin ID 6 menambahkan tipe kamar \'Suite\' di penginapan \'King Hotel Wates\' dengan harga Rp 1,100,000 per malam (5 kamar)', '2025-12-20 14:55:42'),
(149, 6, 'Tambah Tipe Kamar', 'Admin ID 6 menambahkan tipe kamar \'Superior\' di penginapan \'Jungwok Blue Ocean\' dengan harga Rp 701,361 per malam (20 kamar)', '2025-12-29 14:55:42'),
(150, 6, 'Tambah Tipe Kamar', 'Admin ID 6 menambahkan tipe kamar \'Deluxe\' di penginapan \'Jungwok Blue Ocean\' dengan harga Rp 1,001,361 per malam (15 kamar)', '2025-12-20 14:55:42'),
(151, 6, 'Tambah Tipe Kamar', 'Admin ID 6 menambahkan tipe kamar \'Suite\' di penginapan \'Jungwok Blue Ocean\' dengan harga Rp 1,501,361 per malam (5 kamar)', '2025-12-13 14:55:42'),
(152, 6, 'Tambah Tipe Kamar', 'Admin ID 6 menambahkan tipe kamar \'Superior\' di penginapan \'PALEO Stone Age\' dengan harga Rp 751,314 per malam (20 kamar)', '2025-12-03 14:55:42'),
(153, 6, 'Tambah Tipe Kamar', 'Admin ID 6 menambahkan tipe kamar \'Deluxe\' di penginapan \'PALEO Stone Age\' dengan harga Rp 1,051,314 per malam (15 kamar)', '2025-12-29 14:55:42'),
(154, 6, 'Tambah Tipe Kamar', 'Admin ID 6 menambahkan tipe kamar \'Suite\' di penginapan \'PALEO Stone Age\' dengan harga Rp 1,551,314 per malam (5 kamar)', '2025-12-18 14:55:42'),
(155, 6, 'Tambah Tipe Kamar', 'Admin ID 6 menambahkan tipe kamar \'Superior\' di penginapan \'Hotel Kukup Indah\' dengan harga Rp 149,862 per malam (20 kamar)', '2025-12-02 14:55:42'),
(156, 6, 'Tambah Tipe Kamar', 'Admin ID 6 menambahkan tipe kamar \'Deluxe\' di penginapan \'Hotel Kukup Indah\' dengan harga Rp 449,862 per malam (15 kamar)', '2025-12-27 14:55:42'),
(157, 6, 'Tambah Tipe Kamar', 'Admin ID 6 menambahkan tipe kamar \'Suite\' di penginapan \'Hotel Kukup Indah\' dengan harga Rp 949,862 per malam (5 kamar)', '2025-12-12 14:55:42'),
(158, 6, 'Tambah Tipe Kamar', 'Admin ID 6 menambahkan tipe kamar \'Superior\' di penginapan \'Dea Lokha Hotel\' dengan harga Rp 297,346 per malam (20 kamar)', '2025-12-05 14:55:42'),
(159, 6, 'Tambah Tipe Kamar', 'Admin ID 6 menambahkan tipe kamar \'Deluxe\' di penginapan \'Dea Lokha Hotel\' dengan harga Rp 597,346 per malam (15 kamar)', '2025-11-30 14:55:42'),
(160, 6, 'Tambah Tipe Kamar', 'Admin ID 6 menambahkan tipe kamar \'Suite\' di penginapan \'Dea Lokha Hotel\' dengan harga Rp 1,097,346 per malam (5 kamar)', '2025-12-13 14:55:42'),
(161, 6, 'Tambah Tipe Kamar', 'Admin ID 6 menambahkan tipe kamar \'Private Villa\' di penginapan \'Eze Villa\' dengan harga Rp 1,200,000 per malam (1 kamar)', '2025-12-11 14:55:42'),
(162, 6, 'Tambah Tipe Kamar', 'Admin ID 6 menambahkan tipe kamar \'Private Villa\' di penginapan \'Calma Jatimas Klayar Villa\' dengan harga Rp 562,747 per malam (1 kamar)', '2025-12-03 14:55:42'),
(163, 6, 'Tambah Tipe Kamar', 'Admin ID 6 menambahkan tipe kamar \'Private Villa\' di penginapan \'Skava House\' dengan harga Rp 1,300,000 per malam (1 kamar)', '2025-12-05 14:55:42'),
(164, 6, 'Tambah Tipe Kamar', 'Admin ID 6 menambahkan tipe kamar \'Private Villa\' di penginapan \'Villa Kamar Tamu Selomartani\' dengan harga Rp 400,000 per malam (1 kamar)', '2025-12-07 14:55:42'),
(165, 6, 'Tambah Tipe Kamar', 'Admin ID 6 menambahkan tipe kamar \'Private Villa\' di penginapan \'JK Private Villa\' dengan harga Rp 2,000,000 per malam (1 kamar)', '2025-12-13 14:55:42'),
(166, 6, 'Tambah Tipe Kamar', 'Admin ID 6 menambahkan tipe kamar \'Private Villa\' di penginapan \'Villa Pakem Yogyakarta\' dengan harga Rp 1,500,000 per malam (1 kamar)', '2025-12-05 14:55:42'),
(167, 6, 'Tambah Tipe Kamar', 'Admin ID 6 menambahkan tipe kamar \'Private Villa\' di penginapan \'Villa Samara\' dengan harga Rp 600,000 per malam (1 kamar)', '2025-12-02 14:55:42'),
(168, 6, 'Tambah Tipe Kamar', 'Admin ID 6 menambahkan tipe kamar \'Private Villa\' di penginapan \'Tenang Jiwa Villa\' dengan harga Rp 850,000 per malam (1 kamar)', '2025-12-11 14:55:42'),
(169, 6, 'Tambah Tipe Kamar', 'Admin ID 6 menambahkan tipe kamar \'Private Villa\' di penginapan \'Amartha Indotama Villa\' dengan harga Rp 876,197 per malam (1 kamar)', '2025-12-07 14:55:42'),
(170, 6, 'Tambah Tipe Kamar', 'Admin ID 6 menambahkan tipe kamar \'Private Villa\' di penginapan \'VillaCantik Yogyakarta\' dengan harga Rp 1,299,992 per malam (1 kamar)', '2025-12-29 14:55:42'),
(171, 6, 'Tambah Tipe Kamar', 'Admin ID 6 menambahkan tipe kamar \'Private Villa\' di penginapan \'HeHa Ocean Glamping\' dengan harga Rp 900,000 per malam (1 kamar)', '2025-12-28 14:55:42'),
(172, 6, 'Tambah Tipe Kamar', 'Admin ID 6 menambahkan tipe kamar \'Private Villa\' di penginapan \'Teras Kaca\' dengan harga Rp 685,084 per malam (1 kamar)', '2025-12-03 14:55:42'),
(173, 6, 'Tambah Tipe Kamar', 'Admin ID 6 menambahkan tipe kamar \'Family\' di penginapan \'Simply Homy Malioboro\' dengan harga Rp 600,000 per malam (2 kamar)', '2025-12-03 14:55:42'),
(174, 6, 'Tambah Tipe Kamar', 'Admin ID 6 menambahkan tipe kamar \'Standard\' di penginapan \'Simply Homy Malioboro\' dengan harga Rp 450,000 per malam (5 kamar)', '2025-12-18 14:55:42'),
(175, 6, 'Tambah Tipe Kamar', 'Admin ID 6 menambahkan tipe kamar \'Superior\' di penginapan \'Hotel New Saphir\' dengan harga Rp 750,000 per malam (20 kamar)', '2025-12-24 14:55:42'),
(176, 6, 'Tambah Tipe Kamar', 'Admin ID 6 menambahkan tipe kamar \'Deluxe\' di penginapan \'Hotel New Saphir\' dengan harga Rp 1,050,000 per malam (15 kamar)', '2025-12-29 14:55:42'),
(177, 6, 'Tambah Tipe Kamar', 'Admin ID 6 menambahkan tipe kamar \'Suite\' di penginapan \'Hotel New Saphir\' dengan harga Rp 1,550,000 per malam (5 kamar)', '2025-12-14 14:55:42'),
(178, 6, 'Tambah Tipe Kamar', 'Admin ID 6 menambahkan tipe kamar \'Superior\' di penginapan \'Royal Malioboro by ASTON\' dengan harga Rp 1,474,024 per malam (20 kamar)', '2025-12-24 14:55:42'),
(179, 6, 'Tambah Tipe Kamar', 'Admin ID 6 menambahkan tipe kamar \'Deluxe\' di penginapan \'Royal Malioboro by ASTON\' dengan harga Rp 1,774,024 per malam (15 kamar)', '2025-12-07 14:55:42'),
(180, 6, 'Tambah Tipe Kamar', 'Admin ID 6 menambahkan tipe kamar \'Suite\' di penginapan \'Royal Malioboro by ASTON\' dengan harga Rp 2,274,024 per malam (5 kamar)', '2025-12-21 14:55:42'),
(181, 6, 'Tambah Tipe Kamar', 'Admin ID 6 menambahkan tipe kamar \'Superior\' di penginapan \'Hotel O Prambanan\' dengan harga Rp 200,000 per malam (20 kamar)', '2025-12-15 14:55:42'),
(182, 6, 'Tambah Tipe Kamar', 'Admin ID 6 menambahkan tipe kamar \'Deluxe\' di penginapan \'Hotel O Prambanan\' dengan harga Rp 500,000 per malam (15 kamar)', '2025-12-01 14:55:42'),
(183, 6, 'Tambah Tipe Kamar', 'Admin ID 6 menambahkan tipe kamar \'Suite\' di penginapan \'Hotel O Prambanan\' dengan harga Rp 1,000,000 per malam (5 kamar)', '2025-12-19 14:55:42'),
(184, 6, 'Tambah Tipe Kamar', 'Admin ID 6 menambahkan tipe kamar \'Private Villa\' di penginapan \'The Cangkringan Villas\' dengan harga Rp 950,000 per malam (1 kamar)', '2025-12-25 14:55:42'),
(185, 6, 'Tambah Tipe Kamar', 'Admin ID 6 menambahkan tipe kamar \'Superior\' di penginapan \'Hotel Santika Gunungkidul\' dengan harga Rp 600,000 per malam (20 kamar)', '2025-12-23 14:55:42'),
(186, 6, 'Tambah Tipe Kamar', 'Admin ID 6 menambahkan tipe kamar \'Deluxe\' di penginapan \'Hotel Santika Gunungkidul\' dengan harga Rp 900,000 per malam (15 kamar)', '2025-12-28 14:55:42'),
(187, 6, 'Tambah Tipe Kamar', 'Admin ID 6 menambahkan tipe kamar \'Suite\' di penginapan \'Hotel Santika Gunungkidul\' dengan harga Rp 1,400,000 per malam (5 kamar)', '2025-12-13 14:55:42'),
(276, 6, 'Edit Tipe Kamar', 'Admin ID 6 mengubah tipe kamar \'Standard\' di penginapan \'Omah Jago Homestay\' (ID: 335) - Perubahan: harga menjadi Rp 1500000.00', '2025-12-08 15:12:26'),
(277, 6, 'Edit Tipe Kamar', 'Admin ID 6 mengubah tipe kamar \'Family\' di penginapan \'Omah Jago Homestay\' (ID: 336) - Perubahan: jumlah kamar menjadi 2', '2025-12-03 15:12:26'),
(278, 6, 'Edit Tipe Kamar', 'Admin ID 6 mengubah tipe kamar \'Family\' di penginapan \'Ayra Homestay\' (ID: 340) - Perubahan: harga menjadi Rp 500000.00', '2025-12-06 15:12:26'),
(279, 6, 'Edit Tipe Kamar', 'Admin ID 6 mengubah tipe kamar \'Standard\' di penginapan \'Omah Embun\' (ID: 341) - Perubahan: jumlah kamar menjadi 5', '2025-11-25 15:12:26'),
(280, 6, 'Edit Tipe Kamar', 'Admin ID 6 mengubah tipe kamar \'Standard\' di penginapan \'nDalem Eyang Dwijo\' (ID: 351) - Perubahan: jumlah kamar menjadi 5', '2025-12-08 15:12:26'),
(281, 6, 'Edit Tipe Kamar', 'Admin ID 6 mengubah tipe kamar \'Standard\' di penginapan \'Omah Putih Homestay\' (ID: 355) - Perubahan: harga menjadi Rp 1192500.00', '2025-12-14 15:12:26'),
(282, 6, 'Edit Tipe Kamar', 'Admin ID 6 mengubah tipe kamar \'Family\' di penginapan \'Omah Putih Homestay\' (ID: 356) - Perubahan: jumlah kamar menjadi 2', '2025-12-05 15:12:26'),
(283, 6, 'Edit Tipe Kamar', 'Admin ID 6 mengubah tipe kamar \'Family\' di penginapan \'Homestay Wukirsari\' (ID: 360) - Perubahan: harga menjadi Rp 350000.00', '2025-12-12 15:12:26'),
(284, 6, 'Edit Tipe Kamar', 'Admin ID 6 mengubah tipe kamar \'Standard\' di penginapan \'Omah Zunie\' (ID: 361) - Perubahan: jumlah kamar menjadi 5', '2025-12-09 15:12:26'),
(285, 6, 'Edit Tipe Kamar', 'Admin ID 6 mengubah tipe kamar \'Standard\' di penginapan \'Yukke Tembi Homestay\' (ID: 365) - Perubahan: harga menjadi Rp 318755.00', '2025-12-05 15:12:26'),
(286, 6, 'Edit Tipe Kamar', 'Admin ID 6 mengubah tipe kamar \'Family\' di penginapan \'Yukke Tembi Homestay\' (ID: 366) - Perubahan: jumlah kamar menjadi 2', '2025-12-13 15:12:26'),
(287, 6, 'Edit Tipe Kamar', 'Admin ID 6 mengubah tipe kamar \'Family\' di penginapan \'Omah Andini\' (ID: 370) - Perubahan: harga menjadi Rp 550000.00', '2025-12-14 15:12:26'),
(288, 6, 'Edit Tipe Kamar', 'Admin ID 6 mengubah tipe kamar \'Standard\' di penginapan \'Banbili Homestay\' (ID: 371) - Perubahan: jumlah kamar menjadi 5', '2025-11-25 15:12:26'),
(289, 6, 'Edit Tipe Kamar', 'Admin ID 6 mengubah tipe kamar \'Standard\' di penginapan \'Omah Watu Blencong\' (ID: 375) - Perubahan: harga menjadi Rp 100000.00', '2025-12-10 15:12:26'),
(290, 6, 'Edit Tipe Kamar', 'Admin ID 6 mengubah tipe kamar \'Family\' di penginapan \'Omah Watu Blencong\' (ID: 376) - Perubahan: jumlah kamar menjadi 2', '2025-12-08 15:12:26'),
(291, 6, 'Edit Tipe Kamar', 'Admin ID 6 mengubah tipe kamar \'Family\' di penginapan \'Jemakir Homestay\' (ID: 380) - Perubahan: harga menjadi Rp 265837.00', '2025-11-29 15:12:26'),
(292, 6, 'Edit Tipe Kamar', 'Admin ID 6 mengubah tipe kamar \'Standard\' di penginapan \'Homestay Galuh\' (ID: 381) - Perubahan: jumlah kamar menjadi 5', '2025-11-26 15:12:26'),
(293, 6, 'Edit Tipe Kamar', 'Admin ID 6 mengubah tipe kamar \'Standard\' di penginapan \'Griya Harja Homestay\' (ID: 385) - Perubahan: harga menjadi Rp 123967.00', '2025-12-05 15:12:26'),
(294, 6, 'Edit Tipe Kamar', 'Admin ID 6 mengubah tipe kamar \'Family\' di penginapan \'Griya Harja Homestay\' (ID: 386) - Perubahan: jumlah kamar menjadi 2', '2025-11-30 15:12:26'),
(295, 6, 'Edit Tipe Kamar', 'Admin ID 6 mengubah tipe kamar \'Family\' di penginapan \'Homestay Sentolo\' (ID: 390) - Perubahan: harga menjadi Rp 300000.00', '2025-12-13 15:12:26'),
(296, 6, 'Edit Tipe Kamar', 'Admin ID 6 mengubah tipe kamar \'Standard\' di penginapan \'Homestay Gedangsari\' (ID: 391) - Perubahan: jumlah kamar menjadi 5', '2025-12-09 15:12:26'),
(297, 6, 'Edit Tipe Kamar', 'Admin ID 6 mengubah tipe kamar \'Standard\' di penginapan \'Homestay Ngawen\' (ID: 395) - Perubahan: harga menjadi Rp 150000.00', '2025-12-12 15:12:26'),
(298, 6, 'Edit Tipe Kamar', 'Admin ID 6 mengubah tipe kamar \'Family\' di penginapan \'Homestay Ngawen\' (ID: 396) - Perubahan: jumlah kamar menjadi 2', '2025-12-14 15:12:26'),
(299, 6, 'Edit Tipe Kamar', 'Admin ID 6 mengubah tipe kamar \'Family\' di penginapan \'Maryam Homestay Syariah 2\' (ID: 400) - Perubahan: harga menjadi Rp 246340.00', '2025-11-26 15:12:26'),
(300, 6, 'Edit Tipe Kamar', 'Admin ID 6 mengubah tipe kamar \'Standard\' di penginapan \'Omah Anggur\' (ID: 401) - Perubahan: jumlah kamar menjadi 5', '2025-11-25 15:12:26'),
(301, 6, 'Edit Tipe Kamar', 'Admin ID 6 mengubah tipe kamar \'Standard\' di penginapan \'Khayla Homestay Syariah\' (ID: 405) - Perubahan: harga menjadi Rp 499993.00', '2025-11-25 15:12:26'),
(302, 6, 'Edit Tipe Kamar', 'Admin ID 6 mengubah tipe kamar \'Family\' di penginapan \'Khayla Homestay Syariah\' (ID: 406) - Perubahan: jumlah kamar menjadi 2', '2025-11-26 15:12:26'),
(303, 6, 'Edit Tipe Kamar', 'Admin ID 6 mengubah tipe kamar \'Family\' di penginapan \'Homestay Semin\' (ID: 410) - Perubahan: harga menjadi Rp 270000.00', '2025-12-09 15:12:26'),
(304, 6, 'Edit Tipe Kamar', 'Admin ID 6 mengubah tipe kamar \'Standard\' di penginapan \'Rock Garden Homestay\' (ID: 411) - Perubahan: jumlah kamar menjadi 5', '2025-12-06 15:12:26'),
(305, 6, 'Edit Tipe Kamar', 'Admin ID 6 mengubah tipe kamar \'Suite\' di penginapan \'Melia Purosani Yogyakarta\' (ID: 435) - Perubahan: harga menjadi Rp 2400000.00', '2025-12-03 15:12:26'),
(306, 6, 'Edit Tipe Kamar', 'Admin ID 6 mengubah tipe kamar \'Deluxe\' di penginapan \'Hotel Tentrem Yogyakarta\' (ID: 440) - Perubahan: harga menjadi Rp 2715852.00', '2025-11-28 15:12:26'),
(307, 6, 'Edit Tipe Kamar', 'Admin ID 6 mengubah tipe kamar \'Suite\' di penginapan \'Hotel Tentrem Yogyakarta\' (ID: 441) - Perubahan: jumlah kamar menjadi 5', '2025-12-07 15:12:26'),
(308, 6, 'Edit Tipe Kamar', 'Admin ID 6 mengubah tipe kamar \'Suite\' di penginapan \'1O1 STYLE Malioboro\' (ID: 450) - Perubahan: harga menjadi Rp 1415503.00', '2025-11-28 15:12:26'),
(309, 6, 'Edit Tipe Kamar', 'Admin ID 6 mengubah tipe kamar \'Superior\' di penginapan \'YATS Colony\' (ID: 451) - Perubahan: jumlah kamar menjadi 20', '2025-11-29 15:12:26'),
(310, 6, 'Edit Tipe Kamar', 'Admin ID 6 mengubah tipe kamar \'Superior\' di penginapan \'Eastparc Hotel Yogyakarta\' (ID: 460) - Perubahan: harga menjadi Rp 1200000.00', '2025-11-29 15:12:26'),
(311, 6, 'Edit Tipe Kamar', 'Admin ID 6 mengubah tipe kamar \'Deluxe\' di penginapan \'Eastparc Hotel Yogyakarta\' (ID: 461) - Perubahan: jumlah kamar menjadi 15', '2025-11-27 15:12:26'),
(312, 6, 'Edit Tipe Kamar', 'Admin ID 6 mengubah tipe kamar \'Suite\' di penginapan \'Hotel O Pondok Inspirasi\' (ID: 465) - Perubahan: harga menjadi Rp 911171.00', '2025-12-11 15:12:26'),
(313, 6, 'Edit Tipe Kamar', 'Admin ID 6 mengubah tipe kamar \'Superior\' di penginapan \'The Rich Jogja Hotel\' (ID: 466) - Perubahan: jumlah kamar menjadi 20', '2025-11-26 15:12:26'),
(314, 6, 'Edit Tipe Kamar', 'Admin ID 6 mengubah tipe kamar \'Deluxe\' di penginapan \'Sofia Boutique Residence\' (ID: 470) - Perubahan: harga menjadi Rp 1400000.00', '2025-12-14 15:12:26'),
(315, 6, 'Edit Tipe Kamar', 'Admin ID 6 mengubah tipe kamar \'Suite\' di penginapan \'Sofia Boutique Residence\' (ID: 471) - Perubahan: jumlah kamar menjadi 5', '2025-12-04 15:12:26'),
(316, 6, 'Edit Tipe Kamar', 'Admin ID 6 mengubah tipe kamar \'Superior\' di penginapan \'The Mangkoro Hotel\' (ID: 475) - Perubahan: harga menjadi Rp 340164.00', '2025-12-11 15:12:26'),
(317, 6, 'Edit Tipe Kamar', 'Admin ID 6 mengubah tipe kamar \'Deluxe\' di penginapan \'The Mangkoro Hotel\' (ID: 476) - Perubahan: jumlah kamar menjadi 15', '2025-11-26 15:12:26'),
(318, 6, 'Edit Tipe Kamar', 'Admin ID 6 mengubah tipe kamar \'Suite\' di penginapan \'Queen of The South Resort\' (ID: 480) - Perubahan: harga menjadi Rp 2082278.00', '2025-12-13 15:12:26'),
(319, 6, 'Edit Tipe Kamar', 'Admin ID 6 mengubah tipe kamar \'Superior\' di penginapan \'Hotel Puri Brata\' (ID: 481) - Perubahan: jumlah kamar menjadi 20', '2025-11-29 15:12:26'),
(320, 6, 'Edit Tipe Kamar', 'Admin ID 6 mengubah tipe kamar \'Deluxe\' di penginapan \'Ros In Hotel\' (ID: 485) - Perubahan: harga menjadi Rp 701850.00', '2025-12-06 15:12:26'),
(321, 6, 'Edit Tipe Kamar', 'Admin ID 6 mengubah tipe kamar \'Suite\' di penginapan \'Ros In Hotel\' (ID: 486) - Perubahan: jumlah kamar menjadi 5', '2025-12-08 15:12:26'),
(322, 6, 'Edit Tipe Kamar', 'Admin ID 6 mengubah tipe kamar \'Superior\' di penginapan \'The Swantari by ARBA\' (ID: 490) - Perubahan: harga menjadi Rp 501552.00', '2025-12-08 15:12:26'),
(323, 6, 'Edit Tipe Kamar', 'Admin ID 6 mengubah tipe kamar \'Deluxe\' di penginapan \'The Swantari by ARBA\' (ID: 491) - Perubahan: jumlah kamar menjadi 15', '2025-11-27 15:12:26'),
(324, 6, 'Edit Tipe Kamar', 'Admin ID 6 mengubah tipe kamar \'Suite\' di penginapan \'Cordia Hotel\' (ID: 495) - Perubahan: harga menjadi Rp 1600000.00', '2025-12-08 15:12:26'),
(325, 6, 'Edit Tipe Kamar', 'Admin ID 6 mengubah tipe kamar \'Superior\' di penginapan \'King Hotel Wates\' (ID: 496) - Perubahan: jumlah kamar menjadi 20', '2025-12-05 15:12:26'),
(326, 6, 'Edit Tipe Kamar', 'Admin ID 6 mengubah tipe kamar \'Deluxe\' di penginapan \'Jungwok Blue Ocean\' (ID: 500) - Perubahan: harga menjadi Rp 1001361.00', '2025-12-14 15:12:26'),
(327, 6, 'Edit Tipe Kamar', 'Admin ID 6 mengubah tipe kamar \'Suite\' di penginapan \'Jungwok Blue Ocean\' (ID: 501) - Perubahan: jumlah kamar menjadi 5', '2025-12-10 15:12:26'),
(328, 6, 'Edit Tipe Kamar', 'Admin ID 6 mengubah tipe kamar \'Superior\' di penginapan \'PALEO Stone Age\' (ID: 505) - Perubahan: harga menjadi Rp 751314.00', '2025-11-29 15:12:26'),
(329, 6, 'Edit Tipe Kamar', 'Admin ID 6 mengubah tipe kamar \'Deluxe\' di penginapan \'PALEO Stone Age\' (ID: 506) - Perubahan: jumlah kamar menjadi 15', '2025-12-13 15:12:26'),
(330, 6, 'Edit Tipe Kamar', 'Admin ID 6 mengubah tipe kamar \'Suite\' di penginapan \'Hotel Kukup Indah\' (ID: 510) - Perubahan: harga menjadi Rp 949862.00', '2025-12-14 15:12:26'),
(331, 6, 'Edit Tipe Kamar', 'Admin ID 6 mengubah tipe kamar \'Superior\' di penginapan \'Dea Lokha Hotel\' (ID: 511) - Perubahan: jumlah kamar menjadi 20', '2025-11-27 15:12:26'),
(332, 6, 'Edit Tipe Kamar', 'Admin ID 6 mengubah tipe kamar \'Private Villa\' di penginapan \'Calma Jatimas Klayar Villa\' (ID: 515) - Perubahan: harga menjadi Rp 562747.00', '2025-12-05 15:12:26'),
(333, 6, 'Edit Tipe Kamar', 'Admin ID 6 mengubah tipe kamar \'Private Villa\' di penginapan \'Villa Pakem Yogyakarta\' (ID: 520) - Perubahan: harga menjadi Rp 1500000.00', '2025-12-03 15:12:26'),
(334, 6, 'Edit Tipe Kamar', 'Admin ID 6 mengubah tipe kamar \'Private Villa\' di penginapan \'Villa Samara\' (ID: 521) - Perubahan: jumlah kamar menjadi 1', '2025-12-11 15:12:26'),
(335, 6, 'Edit Tipe Kamar', 'Admin ID 6 mengubah tipe kamar \'Private Villa\' di penginapan \'HeHa Ocean Glamping\' (ID: 525) - Perubahan: harga menjadi Rp 900000.00', '2025-12-03 15:12:26'),
(336, 6, 'Edit Tipe Kamar', 'Admin ID 6 mengubah tipe kamar \'Private Villa\' di penginapan \'Teras Kaca\' (ID: 526) - Perubahan: jumlah kamar menjadi 1', '2025-12-12 15:12:26'),
(337, 6, 'Edit Tipe Kamar', 'Admin ID 6 mengubah tipe kamar \'Deluxe\' di penginapan \'Hotel New Saphir\' (ID: 530) - Perubahan: harga menjadi Rp 1050000.00', '2025-11-25 15:12:26'),
(338, 6, 'Edit Tipe Kamar', 'Admin ID 6 mengubah tipe kamar \'Suite\' di penginapan \'Hotel New Saphir\' (ID: 531) - Perubahan: jumlah kamar menjadi 5', '2025-11-30 15:12:26'),
(339, 6, 'Edit Tipe Kamar', 'Admin ID 6 mengubah tipe kamar \'Superior\' di penginapan \'Royal Malioboro by ASTON\' (ID: 535) - Perubahan: harga menjadi Rp 1474024.00', '2025-12-14 15:12:26'),
(340, 6, 'Edit Tipe Kamar', 'Admin ID 6 mengubah tipe kamar \'Deluxe\' di penginapan \'Royal Malioboro by ASTON\' (ID: 536) - Perubahan: jumlah kamar menjadi 15', '2025-12-06 15:12:26'),
(341, 6, 'Edit Tipe Kamar', 'Admin ID 6 mengubah tipe kamar \'Suite\' di penginapan \'Hotel O Prambanan\' (ID: 540) - Perubahan: harga menjadi Rp 1000000.00', '2025-12-11 15:12:26'),
(342, 6, 'Edit Tipe Kamar', 'Admin ID 6 mengubah tipe kamar \'Private Villa\' di penginapan \'The Cangkringan Villas\' (ID: 541) - Perubahan: jumlah kamar menjadi 1', '2025-12-14 15:12:26'),
(403, 6, 'Edit Tipe Kamar', 'Admin ID 6 mengubah tipe kamar \'Family\' di penginapan \'Omah Jago Homestay\' (ID: 336) - Perubahan: harga menjadi Rp 1650000.00', '2025-12-23 15:12:26'),
(404, 6, 'Edit Tipe Kamar', 'Admin ID 6 mengubah tipe kamar \'Standard\' di penginapan \'Omah Kecebong\' (ID: 343) - Perubahan: harga menjadi Rp 450000.00', '2025-12-22 15:12:26'),
(405, 6, 'Edit Tipe Kamar', 'Admin ID 6 mengubah tipe kamar \'Standard\' di penginapan \'Homestay Mangunan\' (ID: 357) - Perubahan: harga menjadi Rp 250000.00', '2025-12-25 15:12:26'),
(406, 6, 'Edit Tipe Kamar', 'Admin ID 6 mengubah tipe kamar \'Family\' di penginapan \'Kamala House\' (ID: 364) - Perubahan: harga menjadi Rp 466375.00', '2025-12-24 15:12:26'),
(407, 6, 'Edit Tipe Kamar', 'Admin ID 6 mengubah tipe kamar \'Standard\' di penginapan \'Banbili Homestay\' (ID: 371) - Perubahan: harga menjadi Rp 400000.00', '2025-12-25 15:12:26'),
(408, 6, 'Edit Tipe Kamar', 'Admin ID 6 mengubah tipe kamar \'Family\' di penginapan \'Homestay Kalibawang\' (ID: 378) - Perubahan: harga menjadi Rp 300000.00', '2025-12-27 15:12:26'),
(409, 6, 'Edit Tipe Kamar', 'Admin ID 6 mengubah tipe kamar \'Standard\' di penginapan \'Griya Harja Homestay\' (ID: 385) - Perubahan: harga menjadi Rp 123967.00', '2025-12-25 15:12:26'),
(410, 6, 'Edit Tipe Kamar', 'Admin ID 6 mengubah tipe kamar \'Family\' di penginapan \'Homestay Gedangsari\' (ID: 392) - Perubahan: harga menjadi Rp 300000.00', '2025-12-24 15:12:26'),
(411, 6, 'Edit Tipe Kamar', 'Admin ID 6 mengubah tipe kamar \'Standard\' di penginapan \'Maryam Homestay Syariah 2\' (ID: 399) - Perubahan: harga menjadi Rp 96340.00', '2025-12-23 15:12:26'),
(412, 6, 'Edit Tipe Kamar', 'Admin ID 6 mengubah tipe kamar \'Family\' di penginapan \'Khayla Homestay Syariah\' (ID: 406) - Perubahan: harga menjadi Rp 649993.00', '2025-12-23 15:12:26'),
(413, 6, 'Edit Tipe Kamar', 'Admin ID 6 mengubah tipe kamar \'Deluxe\' di penginapan \'Melia Purosani Yogyakarta\' (ID: 434) - Perubahan: harga menjadi Rp 1900000.00', '2025-12-26 15:12:26'),
(414, 6, 'Edit Tipe Kamar', 'Admin ID 6 mengubah tipe kamar \'Suite\' di penginapan \'Hotel Tentrem Yogyakarta\' (ID: 441) - Perubahan: harga menjadi Rp 3125852.00', '2025-12-24 15:12:26'),
(415, 6, 'Edit Tipe Kamar', 'Admin ID 6 mengubah tipe kamar \'Superior\' di penginapan \'1O1 STYLE Malioboro\' (ID: 448) - Perubahan: harga menjadi Rp 615503.00', '2025-12-22 15:12:26'),
(416, 6, 'Edit Tipe Kamar', 'Admin ID 6 mengubah tipe kamar \'Suite\' di penginapan \'Eastparc Hotel Yogyakarta\' (ID: 462) - Perubahan: harga menjadi Rp 2000000.00', '2025-12-24 15:12:26'),
(417, 6, 'Edit Tipe Kamar', 'Admin ID 6 mengubah tipe kamar \'Superior\' di penginapan \'Sofia Boutique Residence\' (ID: 469) - Perubahan: harga menjadi Rp 1100000.00', '2025-12-22 15:12:26'),
(418, 6, 'Edit Tipe Kamar', 'Admin ID 6 mengubah tipe kamar \'Deluxe\' di penginapan \'The Mangkoro Hotel\' (ID: 476) - Perubahan: harga menjadi Rp 640164.00', '2025-12-25 15:12:26'),
(419, 6, 'Edit Tipe Kamar', 'Admin ID 6 mengubah tipe kamar \'Suite\' di penginapan \'Hotel Puri Brata\' (ID: 483) - Perubahan: harga menjadi Rp 1238160.00', '2025-12-23 15:12:26'),
(420, 6, 'Edit Tipe Kamar', 'Admin ID 6 mengubah tipe kamar \'Superior\' di penginapan \'The Swantari by ARBA\' (ID: 490) - Perubahan: harga menjadi Rp 501552.00', '2025-12-27 15:12:26'),
(421, 6, 'Edit Tipe Kamar', 'Admin ID 6 mengubah tipe kamar \'Deluxe\' di penginapan \'King Hotel Wates\' (ID: 497) - Perubahan: harga menjadi Rp 600000.00', '2025-12-24 15:12:26'),
(422, 6, 'Edit Tipe Kamar', 'Admin ID 6 mengubah tipe kamar \'Superior\' di penginapan \'Dea Lokha Hotel\' (ID: 511) - Perubahan: harga menjadi Rp 297346.00', '2025-12-27 15:12:26'),
(423, 6, 'Edit Tipe Kamar', 'Admin ID 6 mengubah tipe kamar \'Private Villa\' di penginapan \'Villa Kamar Tamu Selomartani\' (ID: 518) - Perubahan: harga menjadi Rp 400000.00', '2025-12-26 15:12:26'),
(424, 6, 'Edit Tipe Kamar', 'Admin ID 6 mengubah tipe kamar \'Private Villa\' di penginapan \'HeHa Ocean Glamping\' (ID: 525) - Perubahan: harga menjadi Rp 900000.00', '2025-12-21 15:12:26'),
(425, 6, 'Edit Tipe Kamar', 'Admin ID 6 mengubah tipe kamar \'Deluxe\' di penginapan \'Hotel O Prambanan\' (ID: 539) - Perubahan: harga menjadi Rp 500000.00', '2025-12-22 15:12:26'),
(434, 6, 'Hapus Tipe Kamar', 'Admin ID 6 menghapus tipe kamar \'Family\' di penginapan \'Ayra Homestay\' (ID: 340)', '2025-12-16 15:12:26'),
(435, 6, 'Hapus Tipe Kamar', 'Admin ID 6 menghapus tipe kamar \'Family\' di penginapan \'Homestay Wukirsari\' (ID: 360)', '2025-12-03 15:12:26'),
(436, 6, 'Hapus Tipe Kamar', 'Admin ID 6 menghapus tipe kamar \'Family\' di penginapan \'Omah Andini\' (ID: 370)', '2025-12-18 15:12:26');
INSERT INTO `log_aktivitas_admin` (`id_log`, `id_admin`, `aksi`, `deskripsi`, `created_at`) VALUES
(437, 6, 'Hapus Tipe Kamar', 'Admin ID 6 menghapus tipe kamar \'Family\' di penginapan \'Jemakir Homestay\' (ID: 380)', '2025-12-19 15:12:26'),
(438, 6, 'Hapus Tipe Kamar', 'Admin ID 6 menghapus tipe kamar \'Family\' di penginapan \'Homestay Sentolo\' (ID: 390)', '2025-12-14 15:12:26'),
(439, 6, 'Hapus Tipe Kamar', 'Admin ID 6 menghapus tipe kamar \'Family\' di penginapan \'Maryam Homestay Syariah 2\' (ID: 400)', '2025-12-15 15:12:26'),
(440, 6, 'Hapus Tipe Kamar', 'Admin ID 6 menghapus tipe kamar \'Family\' di penginapan \'Homestay Semin\' (ID: 410)', '2025-12-07 15:12:26'),
(441, 6, 'Hapus Tipe Kamar', 'Admin ID 6 menghapus tipe kamar \'Deluxe\' di penginapan \'Hotel Tentrem Yogyakarta\' (ID: 440)', '2025-12-04 15:12:26'),
(442, 6, 'Hapus Tipe Kamar', 'Admin ID 6 menghapus tipe kamar \'Suite\' di penginapan \'1O1 STYLE Malioboro\' (ID: 450)', '2025-12-18 15:12:26'),
(443, 6, 'Hapus Tipe Kamar', 'Admin ID 6 menghapus tipe kamar \'Superior\' di penginapan \'Eastparc Hotel Yogyakarta\' (ID: 460)', '2025-12-08 15:12:26'),
(444, 6, 'Hapus Tipe Kamar', 'Admin ID 6 menghapus tipe kamar \'Deluxe\' di penginapan \'Sofia Boutique Residence\' (ID: 470)', '2025-12-11 15:12:26'),
(445, 6, 'Hapus Tipe Kamar', 'Admin ID 6 menghapus tipe kamar \'Suite\' di penginapan \'Queen of The South Resort\' (ID: 480)', '2025-12-17 15:12:26'),
(446, 6, 'Hapus Tipe Kamar', 'Admin ID 6 menghapus tipe kamar \'Superior\' di penginapan \'The Swantari by ARBA\' (ID: 490)', '2025-12-02 15:12:26'),
(447, 6, 'Hapus Tipe Kamar', 'Admin ID 6 menghapus tipe kamar \'Deluxe\' di penginapan \'Jungwok Blue Ocean\' (ID: 500)', '2025-12-03 15:12:26'),
(448, 6, 'Hapus Tipe Kamar', 'Admin ID 6 menghapus tipe kamar \'Suite\' di penginapan \'Hotel Kukup Indah\' (ID: 510)', '2025-12-10 15:12:26'),
(449, 6, 'Hapus Tipe Kamar', 'Admin ID 6 menghapus tipe kamar \'Private Villa\' di penginapan \'Villa Pakem Yogyakarta\' (ID: 520)', '2025-12-13 15:12:26'),
(450, 6, 'Hapus Tipe Kamar', 'Admin ID 6 menghapus tipe kamar \'Deluxe\' di penginapan \'Hotel New Saphir\' (ID: 530)', '2025-12-08 15:12:26'),
(451, 6, 'Hapus Tipe Kamar', 'Admin ID 6 menghapus tipe kamar \'Suite\' di penginapan \'Hotel O Prambanan\' (ID: 540)', '2025-12-12 15:12:26'),
(468, 6, 'Edit Blog', 'Admin ID 6 mengubah blog ID 30 berjudul \'Asyiknya Liburan untuk Menghilangkan Stress di Yogyakarta\'', '2025-12-29 15:45:07'),
(471, 6, 'Update Penginapan', 'Admin mengupdate penginapan ID 76 (Hotel Kukup Indah)', '2025-12-29 18:07:08'),
(472, 6, 'Update Status User', 'Admin mengubah status user  menjadi nonaktif', '2025-12-29 18:09:15'),
(473, 6, 'Update Status User', 'Admin mengubah status user  menjadi aktif', '2025-12-29 18:09:24'),
(474, 6, 'Update Status User', 'Admin mengubah status user Na Jaemin menjadi nonaktif', '2025-12-29 18:22:22'),
(475, 6, 'Update Status User', 'Admin mengubah status user Na Jaemin menjadi aktif', '2025-12-29 18:22:33'),
(477, 6, 'Approve Pembatalan', 'Admin ID 6 menyetujui pembatalan booking JS-045374 atas nama Na Jaemin dengan total refund Rp 990.000', '2025-12-30 07:37:58'),
(478, 6, 'Update Penginapan', 'Admin mengupdate penginapan ID 1 (Simply Homy Malioboro)', '2025-12-30 08:24:17'),
(479, 6, 'Update Penginapan', 'Admin mengupdate penginapan ID 2 (Royal Malioboro by ASTON)', '2025-12-30 08:30:13'),
(480, 6, 'Update Penginapan', 'Admin mengupdate penginapan ID 12 (Eze Villa)', '2025-12-30 08:58:13'),
(481, 6, 'Tolak Pembatalan', 'Admin ID 6 menolak pembatalan booking JS-199847 atas nama Bismillah Nilai A. Alasan: alasan tidak dapat diterima', '2025-12-30 08:58:42'),
(482, 6, 'Check-Out Reservasi', 'Admin ID 6 melakukan check-out untuk booking JS-666277 atas nama Bismillah Nilai A', '2025-12-30 09:01:28');

-- --------------------------------------------------------

--
-- Table structure for table `pembatalan`
--

CREATE TABLE `pembatalan` (
  `id_pembatalan` int(11) NOT NULL,
  `id_booking` int(11) NOT NULL,
  `id_user` int(11) NOT NULL,
  `alasan` text NOT NULL,
  `biaya_pembatalan` decimal(12,2) NOT NULL,
  `total_refund` decimal(12,2) NOT NULL,
  `tanggal_pengajuan` datetime NOT NULL,
  `tanggal_diproses` datetime DEFAULT NULL,
  `status_pembatalan` enum('diproses','disetujui','ditolak') NOT NULL DEFAULT 'diproses',
  `alasan_admin` text DEFAULT NULL,
  `diproses_oleh` int(11) DEFAULT NULL,
  `created_at` timestamp NOT NULL DEFAULT current_timestamp()
) ENGINE=InnoDB DEFAULT CHARSET=utf8mb4 COLLATE=utf8mb4_general_ci;

--
-- Dumping data for table `pembatalan`
--

INSERT INTO `pembatalan` (`id_pembatalan`, `id_booking`, `id_user`, `alasan`, `biaya_pembatalan`, `total_refund`, `tanggal_pengajuan`, `tanggal_diproses`, `status_pembatalan`, `alasan_admin`, `diproses_oleh`, `created_at`) VALUES
(1, 2, 9, 'salah pesan total kamar', 1901096.40, 17109867.60, '2025-12-29 16:17:16', '2025-12-29 16:38:34', 'disetujui', NULL, 0, '2025-12-29 09:17:16'),
(2, 3, 9, 'yaaa adalah pokoknya intinya itu', 82234.20, 740107.80, '2025-12-29 16:20:16', '2025-12-29 16:44:58', 'ditolak', 'alasan tidak dapat diterima', 0, '2025-12-29 09:20:16'),
(3, 10, 9, 'karena tabrakan dengan kegiatan lain', 123100.60, 1107905.40, '2025-12-29 22:20:22', '2025-12-30 01:05:45', 'disetujui', NULL, 0, '2025-12-29 15:20:22'),
(4, 17, 11, 'Salah input tanggal checkout', 750680.50, 6756124.50, '2025-12-30 01:12:49', '2025-12-30 01:36:15', 'ditolak', 'adalah pokoknya', 0, '2025-12-29 18:12:49'),
(5, 12, 9, 'gak jadi aja gitu, sibuk males', 110000.00, 990000.00, '2025-12-30 14:17:26', '2025-12-30 14:37:58', 'disetujui', NULL, NULL, '2025-12-30 07:17:26'),
(6, 14, 11, 'Sedang ada urusan lain', 280000.00, 2520000.00, '2025-12-30 15:31:26', '2025-12-30 15:58:42', 'ditolak', 'alasan tidak dapat diterima', 6, '2025-12-30 08:31:26'),
(7, 19, 11, 'Sedang sakit dan tidak bisa dipaksakan', 90000.00, 810000.00, '2025-12-30 15:55:42', NULL, 'diproses', NULL, NULL, '2025-12-30 08:55:42');

-- --------------------------------------------------------

--
-- Table structure for table `pembayaran`
--

CREATE TABLE `pembayaran` (
  `id_pembayaran` int(11) NOT NULL,
  `id_booking` int(11) NOT NULL,
  `metode_pembayaran` varchar(50) DEFAULT NULL,
  `total_bayar` decimal(12,2) NOT NULL,
  `status_pembayaran` enum('paid','refund') DEFAULT 'paid',
  `tanggal_bayar` datetime DEFAULT NULL
) ENGINE=InnoDB DEFAULT CHARSET=utf8mb4 COLLATE=utf8mb4_general_ci;

--
-- Dumping data for table `pembayaran`
--

INSERT INTO `pembayaran` (`id_pembayaran`, `id_booking`, `metode_pembayaran`, `total_bayar`, `status_pembayaran`, `tanggal_bayar`) VALUES
(1, 4, 'Transfer Bank', 1200000.00, 'paid', '2025-12-29 18:25:26'),
(2, 5, 'Transfer Bank', 1350000.00, 'paid', '2025-12-29 18:33:40'),
(3, 6, 'Transfer Bank', 1688241.00, 'paid', '2025-12-29 18:36:38'),
(4, 7, 'Transfer Bank', 2700000.00, 'paid', '2025-12-29 18:40:22'),
(5, 8, 'Transfer Bank', 4200000.00, 'paid', '2025-12-29 18:43:29'),
(6, 9, 'Transfer Bank', 3000000.00, 'paid', '2025-12-29 18:44:11'),
(7, 10, 'Transfer Bank', 1231006.00, 'refund', '2025-12-29 18:45:19'),
(8, 11, 'Transfer Bank', 1200000.00, 'paid', '2025-12-29 18:49:13'),
(9, 12, 'Transfer Bank', 1100000.00, 'refund', '2025-12-29 18:51:09'),
(10, 13, 'Transfer Bank', 5896096.00, 'paid', '2025-12-29 19:03:17'),
(11, 14, 'Transfer Bank', 2800000.00, 'paid', '2025-12-29 22:28:16'),
(12, 15, 'Transfer Bank', 132786.00, 'paid', '2025-12-30 00:25:46'),
(13, 16, 'Transfer Bank', 2040984.00, 'paid', '2025-12-30 00:36:05'),
(14, 17, 'Kartu Kredit/Debit', 7506805.00, 'paid', '2025-12-30 01:12:24'),
(15, 18, 'Transfer Bank', 3100000.00, 'paid', '2025-12-30 14:20:20'),
(16, 2, 'Transfer Bank', 19010964.00, 'refund', '2025-12-29 16:38:34'),
(17, 19, 'Transfer Bank', 900000.00, 'paid', '2025-12-30 15:54:32'),
(18, 20, 'E-Wallet', 1200000.00, 'paid', '2025-12-30 15:57:05'),
(19, 21, 'Kartu Kredit/Debit', 4800000.00, 'paid', '2025-12-30 15:59:51');

-- --------------------------------------------------------

--
-- Table structure for table `penginapan`
--

CREATE TABLE `penginapan` (
  `id_penginapan` int(11) NOT NULL,
  `nama_penginapan` varchar(150) NOT NULL,
  `tipe_penginapan` enum('hotel','villa','homestay') NOT NULL,
  `id_kabupaten` int(11) NOT NULL,
  `id_kecamatan` int(11) NOT NULL,
  `alamat` text NOT NULL,
  `deskripsi` text DEFAULT NULL,
  `tentang_kami` text DEFAULT NULL,
  `harga_mulai` decimal(12,2) NOT NULL,
  `rating` decimal(3,2) DEFAULT 0.00,
  `jumlah_review` int(11) DEFAULT 0,
  `is_featured` tinyint(1) DEFAULT 0,
  `latitude` decimal(10,8) DEFAULT NULL,
  `longitude` decimal(11,8) DEFAULT NULL,
  `status` enum('aktif','nonaktif') DEFAULT 'aktif',
  `created_at` timestamp NOT NULL DEFAULT current_timestamp()
) ENGINE=InnoDB DEFAULT CHARSET=utf8mb4 COLLATE=utf8mb4_general_ci;

--
-- Dumping data for table `penginapan`
--

INSERT INTO `penginapan` (`id_penginapan`, `nama_penginapan`, `tipe_penginapan`, `id_kabupaten`, `id_kecamatan`, `alamat`, `deskripsi`, `tentang_kami`, `harga_mulai`, `rating`, `jumlah_review`, `is_featured`, `latitude`, `longitude`, `status`, `created_at`) VALUES
(1, 'Simply Homy Malioboro', 'homestay', 1, 1, 'Jl. Mojo No. 56, Danurejan', 'Homestay keluarga dengan fasilitas lengkap, menawarkan ketenangan di tengah pusat kota Yogyakarta.', 'Simply Homy adalah jaringan guesthouse yang menjamin standar kebersihan dan kenyamanan rumah pribadi bagi wisatawan rombongan.', 450000.00, 0.00, 0, 0, -7.79400000, 110.37520000, 'aktif', '2025-12-23 09:37:31'),
(2, 'Royal Malioboro by ASTON', 'hotel', 1, 2, 'Jl. Pasar Kembang No. 29, Gedongtengen', 'Hotel mewah bintang 4 tepat di depan Stasiun Tugu, dilengkapi kolam renang rooftop dan sky lounge panorama.', 'Royal Malioboro memposisikan diri sebagai hub utama wisatawan kelas atas di kawasan Malioboro dengan layanan ramah khas Jogja.', 1474024.00, 4.50, 120, 1, -7.79150000, 110.36380000, 'aktif', '2025-12-23 09:37:31'),
(3, 'Hotel New Saphir', 'hotel', 1, 3, 'Jl. Laksda Adisucipto No. 38, Gondokusuman', 'Akomodasi bisnis legendaris dengan lokasi strategis di koridor komersial utama, dekat pusat perbelanjaan.', 'Kami adalah hotel bintang 4 yang berfokus pada pelayanan tamu bisnis dengan fasilitas meeting room terlengkap.', 750000.00, 4.50, 120, 0, -7.78300000, 110.39200000, 'aktif', '2025-12-23 09:37:31'),
(4, 'Melia Purosani Yogyakarta', 'hotel', 1, 4, 'Jl. Suryotomo No. 31, Gondomanan', 'Resort urban dengan taman tropis luas dan kolam renang laguna, hanya berjarak jalan kaki ke Pasar Beringharjo.', 'Melia Purosani menghadirkan kemewahan bintang 5 dengan sentuhan budaya Spanyol-Jawa di jantung sejarah Yogyakarta.', 1600000.00, 4.50, 120, 1, -7.79800000, 110.36950000, 'aktif', '2025-12-23 09:37:31'),
(5, 'Hotel Tentrem Yogyakarta', 'hotel', 1, 5, 'Jl. AM. Sangaji No. 72A, Jetis', 'Definisi baru kemewahan lokal dengan fasilitas modern terbaik dan filosofi ketenangan jiwa (Tentrem).', 'Tentrem adalah merek hospitalitas asli Indonesia yang memberikan pengalaman menginap paling prestisius di Yogyakarta.', 2415852.00, 4.70, 85, 1, -7.77700000, 110.36700000, 'aktif', '2025-12-23 09:37:31'),
(6, 'Putra Pandawa Homestay', 'homestay', 1, 6, 'Purbayan, Kotagede', 'Penginapan ekonomis di pusat sejarah kerajaan Mataram, dikelilingi sentra kerajinan perak legendaris.', 'Kami menyediakan hunian ramah bagi backpacker yang ingin mendalami budaya dan sejarah autentik kota tua Kotagede.', 300000.00, 0.00, 0, 0, -7.82800000, 110.39800000, 'aktif', '2025-12-23 09:37:31'),
(7, 'Omah Sawo Guesthouse', 'homestay', 1, 7, 'Jl. Sawojajar No. 2B, Kraton', 'Hunian butik estetis di dalam benteng Keraton, menawarkan suasana damai dekat pusat kebudayaan Jawa.', 'Omah Sawo adalah guesthouse keluarga yang baru direnovasi, mengedepankan desain minimalis tropis.', 350000.00, 0.00, 0, 0, -7.80350000, 110.36550000, 'aktif', '2025-12-23 09:37:31'),
(8, 'Omah Jago Homestay', 'homestay', 1, 8, 'Jl. DI Panjaitan, Mantrijeron', 'Struktur Joglo megah dengan kolam renang pribadi di tengah kampung turis Prawirotaman.', 'Omah Jago merayakan arsitektur kayu tradisional Jawa dengan tetap menjamin privasi dan kemewahan bagi tamu.', 1500000.00, 0.00, 0, 0, -7.81700000, 110.36150000, 'aktif', '2025-12-23 09:37:31'),
(9, 'Java Villas Hotel', 'hotel', 1, 9, 'Jl. Gerilya No. 395, Mergangsan', 'Hotel butik eksotis di area Prawirotaman dengan desain arsitektur kolonial-lokal.', 'Java Villas didedikasikan bagi petualang perkotaan yang mencari atmosfer penginapan yang hidup, artistik, dan penuh cerita.', 600000.00, 4.70, 85, 0, -7.82050000, 110.37100000, 'aktif', '2025-12-23 09:37:31'),
(10, 'Ngampilan Residence', 'homestay', 1, 10, 'Jl. Letjen Suprapto, Ngampilan', 'Penginapan bersih dan syar\'i di kawasan Bakpia Pathok, memudahkan akses wisata kuliner keluarga.', 'Kami berkomitmen menyediakan akomodasi terjangkau di dekat jantung ekonomi kota Yogyakarta.', 250000.00, 0.00, 0, 0, -7.80100000, 110.35500000, 'aktif', '2025-12-23 09:37:31'),
(11, '1O1 STYLE Malioboro', 'hotel', 1, 11, 'Jl. Gajah Mada No. 30, Pakualaman', 'Hotel bergaya hidup dinamis dengan interior chic dekat Puro Pakualaman dan pusat kota timur.', 'Bagian dari jaringan hotel modern yang menyasar traveler aktif yang menghargai efisiensi dan estetika.', 615503.00, 4.70, 85, 0, -7.79950000, 110.37350000, 'aktif', '2025-12-23 09:37:31'),
(12, 'Eze Villa', 'villa', 1, 12, 'Jl. Jatimulyo No. 428, Tegalrejo', 'Vila privat dengan desain industrial-minimalis, oase ketenangan di tengah kesibukan Tegalrejo.', 'Eze Villa menyediakan ruang tinggal eksklusif dengan fasilitas dapur lengkap dan taman terbuka.', 1200000.00, 0.00, 0, 0, -7.78150000, 110.35300000, 'aktif', '2025-12-23 09:37:31'),
(13, 'Ayra Homestay', 'homestay', 1, 13, 'Jl. Menteri Supeno No. 91, Umbulharjo', 'Akomodasi keluarga dengan akses sangat dekat menuju Kebun Binatang Gembira Loka.', 'Ayra Homestay fokus pada hunian sementara yang nyaman dengan pelayanan kekeluargaan yang tulus.', 350000.00, 0.00, 0, 0, -7.80800000, 110.39500000, 'aktif', '2025-12-23 09:37:31'),
(14, 'YATS Colony', 'hotel', 1, 14, 'Jl. Patangpuluhan No. 23, Wirobrajan', 'Hotel butik artistik dengan kolam renang air asin dan lingkungan kreatif komunitas.', 'Destinasi di mana desain, seni, dan gaya hidup bersatu dalam harmoni hospitalitas.', 550000.00, 4.80, 200, 0, -7.80450000, 110.35250000, 'aktif', '2025-12-23 09:37:31'),
(15, 'Calma Jatimas Klayar Villa', 'villa', 2, 15, 'Jl. Kemasan Klayar, Berbah', 'Villa mewah dengan kolam renang infinity dan view sawah, hanya 10 menit dari Bandara Adisucipto.', 'Calma Jatimas menawarkan kemewahan privat di tengah alam Sleman untuk jiwa yang membutuhkan jeda.', 562747.00, 0.00, 0, 0, -7.79600000, 110.42850000, 'aktif', '2025-12-23 09:37:31'),
(16, 'The Cangkringan Villas', 'villa', 2, 16, 'Umbulharjo, Cangkringan', 'Resort mewah lereng Merapi dengan udara sejuk, fasilitas lapangan golf, dan kolam renang luas.', 'Pelopor resort pegunungan di Yogyakarta yang mengedepankan privasi dan keindahan lanskap alam.', 950000.00, 0.00, 0, 0, -7.63800000, 110.45500000, 'aktif', '2025-12-23 09:37:31'),
(17, 'Eastparc Hotel Yogyakarta', 'hotel', 2, 17, 'Jl. Laksda Adisucipto Km. 6.5, Depok', 'Hotel keluarga bertema taman hijau dengan fasilitas staycation terlengkap (bioskop anak & mini zoo).', 'Peraih penghargaan hotel ramah anak terbaik dengan standar kebersihan dan kelestarian lingkungan.', 1200000.00, 4.80, 200, 1, -7.78250000, 110.41250000, 'aktif', '2025-12-23 09:37:31'),
(18, 'Skava House', 'villa', 2, 18, 'Ambarketawang, Gamping', 'Villa modern dengan desain menawan dan fasilitas jacuzzi, strategis di pintu masuk barat Sleman.', 'Menghadirkan kemewahan hunian perkotaan ke dalam lingkungan tenang bagi kelompok kecil.', 1300000.00, 0.00, 0, 0, -7.79200000, 110.33400000, 'aktif', '2025-12-23 09:37:31'),
(19, 'Omah Embun', 'homestay', 2, 19, 'Sidomulyo, Godean', 'Homestay sederhana dikelilingi vegetasi hijau, menawarkan udara segar kehidupan pedesaan.', 'Merasakan kembali kesederhanaan hidup melalui akomodasi bersih dan pelayanan ramah lokal.', 100000.00, 0.00, 0, 0, -7.77100000, 110.29200000, 'aktif', '2025-12-23 09:37:31'),
(20, 'Villa Kamar Tamu Selomartani', 'villa', 2, 20, 'Kaliwaru, Kalasan', 'Villa bertema rustik di tengah hamparan sawah dengan pemandangan langsung ke puncak Merapi.', 'Manifestasi kecintaan pada alam, menawarkan ruang tinggal puitis dan menginspirasi.', 400000.00, 0.00, 0, 0, -7.72900000, 110.46800000, 'aktif', '2025-12-23 09:37:31'),
(21, 'Hotel O Pondok Inspirasi', 'hotel', 2, 21, 'Sendangarum, Minggir', 'Akomodasi budget standar OYO di wilayah Sleman Barat, cocok mengeksplorasi sisi agraris DIY.', 'Menyediakan fasilitas dasar berkualitas bagi wisatawan petualang dengan harga ekonomis.', 111171.00, 4.80, 200, 0, -7.74500000, 110.23500000, 'aktif', '2025-12-23 09:37:31'),
(22, 'The Rich Jogja Hotel', 'hotel', 2, 22, 'Jl. Magelang Km. 6, Mlati', 'Hotel bintang 4 yang terhubung langsung dengan Jogja City Mall, memudahkan akses hiburan.', 'Ikon hospitalitas Sleman Utara yang melayani kebutuhan bisnis dengan standar internasional.', 800000.00, 0.00, 0, 1, -7.75150000, 110.35900000, 'aktif', '2025-12-23 09:37:31'),
(23, 'Omah Kecebong', 'homestay', 2, 23, 'Sumberrahayu, Moyudan', 'Wisata budaya menawarkan penginapan tradisional dengan aktivitas naik gerobak sapi dan membatik.', 'Ruang apresiasi budaya Jawa mengombinasikan akomodasi asri dengan edukasi kearifan lokal.', 450000.00, 0.00, 0, 0, -7.76800000, 110.27150000, 'aktif', '2025-12-23 09:37:31'),
(24, 'Sofia Boutique Residence', 'hotel', 2, 24, 'Jl. Palagan Tentara Pelajar, Ngaglik', 'Hotel butik eksklusif desain Eropa dengan aksen emas di kawasan elit Palagan.', 'Berkomitmen pada detail layanan premium dan privasi tamu dalam balutan atmosfer mewah.', 1100000.00, 0.00, 0, 0, -7.74200000, 110.37050000, 'aktif', '2025-12-23 09:37:31'),
(25, 'JK Private Villa', 'villa', 2, 25, 'Sukoharjo, Ngemplak', 'Villa keluarga kapasitas besar dengan kolam renang luas, strategis di koridor menuju Kaliurang.', 'Dirancang untuk mengakomodasi momen kumpul keluarga besar dengan kenyamanan terjamin.', 2000000.00, 0.00, 0, 0, -7.69100000, 110.40500000, 'aktif', '2025-12-23 09:37:31'),
(26, 'Villa Pakem Yogyakarta', 'villa', 2, 26, 'Pakembinangun, Pakem', 'Penginapan mewah dengan taman luas, kolam renang outdoor, dan udara pegunungan sejuk.', 'Tempat peristirahatan sempurna bagi yang ingin melarikan diri dari rutinitas kota.', 1500000.00, 0.00, 0, 0, -7.66200000, 110.41500000, 'aktif', '2025-12-23 09:37:31'),
(27, 'Hotel O Prambanan', 'hotel', 2, 27, 'Bokoharjo, Prambanan', 'Hotel syariah ekonomi sangat dekat dengan Candi Prambanan dan Tebing Breksi.', 'Akomodasi bersih dan terjangkau bagi wisatawan budaya dan peziarah sejarah.', 200000.00, 0.00, 0, 0, -7.75500000, 110.49100000, 'aktif', '2025-12-23 09:37:31'),
(28, 'Villa Samara', 'villa', 2, 28, 'Margoagung, Seyegan', 'Vila privat asri dengan kolam renang pribadi dan view persawahan Seyegan.', 'Memadukan estetika bangunan modern tropis dengan keramahan lingkungan desa.', 600000.00, 0.00, 0, 0, -7.73400000, 110.30150000, 'aktif', '2025-12-23 09:37:31'),
(29, 'Rumah Uti Paviliun', 'homestay', 2, 29, 'Tridadi, Sleman', 'Homestay gaya paviliun tenang di pusat pemerintahan, cocok untuk urusan dinas.', 'Menawarkan kenyamanan rumah sendiri dengan fasilitas memadai dekat jalan utama.', 400000.00, 0.00, 0, 0, -7.71200000, 110.35100000, 'aktif', '2025-12-23 09:37:31'),
(30, 'nDalem Eyang Dwijo', 'homestay', 2, 30, 'Margorejo, Tempel', 'Homestay tradisional arsitektur kayu Jawa autentik, atmosfer masa lalu di pedesaan.', 'Wujud pelestarian warisan rumah Jawa untuk merasakan kedamaian hidup desa.', 132321.00, 0.00, 0, 0, -7.64800000, 110.32500000, 'aktif', '2025-12-23 09:37:31'),
(31, 'Tenang Jiwa Villa', 'villa', 2, 31, 'Donokerto, Turi', 'Villa eksklusif dikelilingi kebun salak pondoh, menyajikan kesejukan lereng Merapi.', 'Tempat bagi pencari kesunyian dan penyatuan kembali dengan elemen alam Sleman.', 850000.00, 0.00, 0, 0, -7.62500000, 110.36800000, 'aktif', '2025-12-23 09:37:31'),
(32, 'Wisma Sanggrahan', 'homestay', 3, 32, 'Jl. Ganjuran, Bambanglipuro', 'Penginapan tenang lingkungan residensial, dekat objek wisata religi Gereja Ganjuran.', 'Menyediakan hunian sederhana bersih bagi peziarah yang menginginkan akses cepat Bantul Selatan.', 200000.00, 0.00, 0, 0, -7.92500000, 110.32450000, 'aktif', '2025-12-23 09:37:31'),
(33, 'The Mangkoro Hotel', 'hotel', 3, 33, 'Jl. Garuda No. 419, Banguntapan', 'Hotel butik mewah interior klasik Jawa-Kolonial, standar hospitalitas tinggi.', 'Simbol elegansi di Bantul Utara, memadukan kenyamanan modern dengan sentuhan seni heritage.', 340164.00, 0.00, 0, 1, -7.82450000, 110.39950000, 'aktif', '2025-12-23 09:37:31'),
(34, 'Omah Putih Homestay', 'homestay', 3, 34, 'Bangunjiwo, Bantul', 'Rumah sewa harian luas desain serba putih minimalis, cocok untuk rombongan keluarga.', 'Fasilitas rumah tinggal lengkap dengan area komunal luas untuk momen kebersamaan.', 1192500.00, 0.00, 0, 0, -7.84200000, 110.31800000, 'aktif', '2025-12-23 09:37:31'),
(35, 'Homestay Mangunan', 'homestay', 3, 35, 'Mangunan, Dlingo', 'Penginapan kayu dataran tinggi, akses prioritas ke Hutan Pinus Mangunan.', 'Pengalaman menginap \"di atas awan\" dengan panorama kabut pagi menakjubkan.', 250000.00, 0.00, 0, 0, -7.93500000, 110.42800000, 'aktif', '2025-12-23 09:37:31'),
(36, 'Homestay Wukirsari', 'homestay', 3, 36, 'Wukirsari, Imogiri', 'Penginapan di desa wisata batik, belajar kriya batik langsung dari pengrajin lokal.', 'Mengedepankan konsep ekowisata untuk memberikan pengalaman budaya mendalam.', 200000.00, 0.00, 0, 0, -7.91500000, 110.38800000, 'aktif', '2025-12-23 09:37:31'),
(37, 'Omah Zunie', 'homestay', 3, 37, 'Potorono, Jetis', 'Homestay mungil bersih fasilitas AC penuh, dekat kompleks Stadion Sultan Agung.', 'Pilihan cerdas akomodasi ekonomis dengan standar kenyamanan terjaga di Bantul.', 200000.00, 0.00, 0, 0, -7.88800000, 110.37200000, 'aktif', '2025-12-23 09:37:31'),
(38, 'Kamala House', 'homestay', 3, 38, 'Jl. Tambak, Kasihan', 'Akomodasi butik hangat pilihan tipe kamar beragam, dekat sentra gerabah Kasongan.', 'Menghadirkan suasana hunian menginspirasi bagi traveler muda dan komunitas kreatif.', 316375.00, 0.00, 0, 0, -7.80150000, 110.34450000, 'aktif', '2025-12-23 09:37:31'),
(39, 'Queen of The South Resort', 'hotel', 3, 39, 'Parangtritis, Kretek', 'Resort mewah tepi pantai infinity pool menghadap Samudra Hindia.', 'Resort tebing di Bantul dengan pemandangan matahari terbenam terbaik DIY.', 1282278.00, 0.00, 0, 1, -8.02500000, 110.32100000, 'aktif', '2025-12-23 09:37:31'),
(40, 'Amartha Indotama Villa', 'villa', 3, 40, 'Guwosari, Pajangan', 'Villa kolam renang pribadi kawasan Pajangan tenang, dekat situs Goa Selarong.', 'Tempat pelarian sempurna bagi yang menginginkan privasi total desain modern.', 876197.00, 0.00, 0, 1, -7.86800000, 110.28800000, 'aktif', '2025-12-23 09:37:31'),
(41, 'Yukke Tembi Homestay', 'homestay', 3, 41, 'Desa Wisata Tembi, Pandak', 'Rumah singgah tradisional jantung Desa Tembi, atmosfer pedesaan Jawa sawah terbuka.', 'Mengajak tamu melambat menikmati kehidupan desa sembari belajar kearifan lokal.', 318755.00, 0.00, 0, 0, -7.86450000, 110.35850000, 'aktif', '2025-12-23 09:37:31'),
(42, 'Joglo Ndalem Sabine', 'homestay', 3, 42, 'Sitimulyo, Piyungan', 'Penginapan keluarga syariah arsitektur Joglo artistik di jalur utama Gunungkidul.', 'Ruang istirahat aman tertib bagi wisatawan keluarga mengutamakan kesantunan Jawa.', 250000.00, 0.00, 0, 1, -7.82800000, 110.45200000, 'aktif', '2025-12-23 09:37:31'),
(43, 'Omah Andini', 'homestay', 3, 43, 'Jl. Janti, Pleret', 'Homestay asri kawasan bersejarah Pleret, dekat pusat kuliner Sate Klatak.', 'Keramahtamahan Bantul lokasi memudahkan eksplorasi warisan budaya selatan kota.', 400000.00, 0.00, 0, 0, -7.86800000, 110.40100000, 'aktif', '2025-12-23 09:37:31'),
(44, 'VillaCantik Yogyakarta', 'villa', 3, 44, 'Pundong', 'Vila eksklusif pemandangan perbukitan Pundong, fasilitas premium dekat sentra Miedes.', 'Staycation baru di Bantul menggabungkan keindahan kontur lahan arsitektur elegan.', 1299992.00, 0.00, 0, 0, -7.94500000, 110.34500000, 'aktif', '2025-12-23 09:37:31'),
(45, 'Hotel Puri Brata', 'hotel', 3, 45, 'Gadingharjo, Sanden', 'Hotel konsep ekologi pesisir selatan, dekat Pantai Goa Cemara & konservasi.', 'Berkomitmen pada hidup berkelanjutan, menyatu harmoni laut dan hutan cemara.', 438160.00, 0.00, 0, 0, -7.99500000, 110.27800000, 'aktif', '2025-12-23 09:37:31'),
(46, 'Banbili Homestay', 'homestay', 3, 46, 'Argomulyo, Sedayu', 'Akomodasi nyaman strategis Sedayu, titik transit ideal menuju Bandara YIA.', 'Fasilitas hunian standar lengkap mendukung perjalanan bisnis maupun wisata.', 400000.00, 0.00, 0, 0, -7.81800000, 110.25500000, 'aktif', '2025-12-23 09:37:31'),
(47, 'Ros In Hotel', 'hotel', 3, 47, 'Jl. Ringroad Selatan, Sewon', 'Hotel bintang 4 megah jalur lingkar selatan, fasilitas MICE kolam renang olimpiade.', 'Hub hospitalitas utama wilayah Sewon melayani tamu korporat standar tinggi.', 401850.00, 0.00, 0, 0, -7.83800000, 110.36500000, 'aktif', '2025-12-23 09:37:31'),
(48, 'Hotel Dewata YIA', 'hotel', 3, 48, 'Trimurti, Srandakan', 'Akomodasi budget dekat Jembatan Pandansimo, menghubungkan pesisir Bantul-KP.', 'Kemudahan akses bagi pelintas kabupaten membutuhkan tempat istirahat bersih aman.', 150000.00, 0.00, 0, 1, -7.95500000, 110.22800000, 'aktif', '2025-12-23 09:37:31'),
(49, 'Yusman Homestay Syariah', 'homestay', 4, 49, 'Palihan, Galur', 'Penginapan sangat dekat terminal bandara YIA, konsep pelayanan syariah tamu transit.', 'Berfokus pada penyediaan tempat istirahat higienis terjangkau pelintas udara.', 132786.00, 0.00, 0, 0, -7.89800000, 110.06350000, 'aktif', '2025-12-23 09:37:31'),
(50, 'Omah Watu Blencong', 'homestay', 4, 50, 'Sokomoyo, Girimulyo', 'Penginapan ekowisata Perbukitan Menoreh panorama lembah memukau arsitektur tradisional.', 'Menikmati kedamaian pegunungan sembari mencicipi kuliner lokal autentik.', 100000.00, 0.00, 0, 0, -7.75500000, 110.12800000, 'aktif', '2025-12-23 09:37:31'),
(51, 'Homestay Kalibawang', 'homestay', 4, 51, 'Kalibawang', 'Akomodasi jalur wisata utara dekat Sendangsono dan kebun durian lokal.', 'Hunian sederhana asri petualang alam mengeksplorasi pegunungan Menoreh.', 150000.00, 0.00, 0, 0, -7.66800000, 110.22800000, 'aktif', '2025-12-23 09:37:31'),
(52, 'Jemakir Homestay', 'homestay', 4, 52, 'Hargotirto, Kokap', 'Penginapan pemandangan Waduk Sermo, cocok aktivitas outdoor dan fotografi alam.', 'Keramahan penduduk lokal dalam balutan suasana perbukitan Kokap yang asri.', 115837.00, 0.00, 0, 0, -7.83500000, 110.10800000, 'aktif', '2025-12-23 09:37:31'),
(53, 'Homestay Galuh', 'homestay', 4, 53, 'Jatirejo, Lendah', 'Akomodasi jantung sentra Batik Lendah, akses mudah belajar membatik.', 'Berkomitmen mempromosikan pariwisata berbasis kerajinan tangan Kulon Progo.', 150000.00, 0.00, 0, 0, -7.92500000, 110.19800000, 'aktif', '2025-12-23 09:37:31'),
(54, 'The Swantari by ARBA', 'hotel', 4, 54, 'Nanggulan', 'Hotel panorama persawahan Nanggulan fenomenal, kuliner khas desa.', 'Ruang menikmati ketenangan lanskap sawah menyerupai suasana Ubud Bali.', 501552.00, 0.00, 0, 0, -7.78500000, 110.17800000, 'aktif', '2025-12-23 09:37:31'),
(55, 'Homestay Panjatan', 'homestay', 4, 55, 'Panjatan', 'Penginapan strategis akses mudah kawasan pantai dan pusat pemerintahan.', 'Akomodasi bersih fungsional bagi pelancong bisnis maupun wisatawan.', 120000.00, 0.00, 0, 1, -7.91500000, 110.14500000, 'aktif', '2025-12-23 09:37:31'),
(56, 'Griya Harja Homestay', 'homestay', 4, 56, 'Majaksingi, Pengasih', 'Akomodasi dekat stasiun Wates, efisiensi mobilitas tamu luar kota.', 'Rumah singgah hangat bagi kepentingan dinas atau keluarga di wilayah Pengasih.', 123967.00, 0.00, 0, 1, -7.84800000, 110.15500000, 'aktif', '2025-12-23 09:37:31'),
(57, 'Homestay Banyumili', 'homestay', 4, 57, 'Gerbosari, Samigaluh', 'Penginapan puncak perbukitan Kebun Teh Nglinggo, udara pegunungan segar.', 'Pengalaman menginap \"back to nature\" autentik dikelola kekeluargaan.', 50000.00, 0.00, 0, 0, -7.64500000, 110.11800000, 'aktif', '2025-12-23 09:37:31'),
(58, 'Homestay Sentolo', 'homestay', 4, 58, 'Sentolo', 'Penginapan budget praktis dekat stasiun Sentolo transit jalur kereta Jawa.', 'Mengedepankan kebersihan kemudahan akses koridor utama DIY Utara.', 150000.00, 0.00, 0, 0, -7.83800000, 110.21800000, 'aktif', '2025-12-23 09:37:31'),
(59, 'Cordia Hotel', 'hotel', 4, 59, 'Arrival Terminal YIA, Temon', 'Hotel bandara bintang 3 di dalam terminal YIA kenyamanan maksimal tamu transit.', 'Hadir dengan desain modern fasilitas lounge gym traveler global.', 800000.00, 0.00, 0, 0, -7.90500000, 110.05800000, 'aktif', '2025-12-23 09:37:31'),
(60, 'King Hotel Wates', 'hotel', 4, 60, 'Jl. Nagung-Wates No. 1, Wates', 'Hotel bisnis ibukota Kulon Progo dekat Alun-alun Wates pusat administrasi.', 'Standar pelayanan profesional bagi tamu dinas maupun wisatawan.', 300000.00, 0.00, 0, 0, -7.85800000, 110.16200000, 'aktif', '2025-12-23 09:37:31'),
(61, 'Homestay Gedangsari', 'homestay', 5, 61, 'Gedangsari', 'Akomodasi puncak Green Village Gedangsari sensasi ketinggian udara pegunungan.', 'Penginapan komunitas mendukung ekowisata petualangan utara Gunungkidul.', 150000.00, 0.00, 0, 0, -7.81800000, 110.55800000, 'aktif', '2025-12-23 09:37:31'),
(62, 'Jungwok Blue Ocean', 'hotel', 5, 62, 'Pendowo, Jepitu, Girisubo', 'Resort Santorini Indonesia desain putih-biru ikonik menghadap laut lepas.', 'Standar baru hospitalitas pesisir pantai privat spa arsitektur kelas dunia.', 701361.00, 0.00, 0, 0, -8.19450000, 110.71250000, 'aktif', '2025-12-23 09:37:31'),
(63, 'Amini Guest House', 'homestay', 5, 63, 'Gedangrejo, Karangmojo', 'Penginapan dikelilingi taman asri dekat destinasi tubing Goa Pindul.', 'Lingkungan tenang fasilitas lengkap pencari kedamaian aktivitas alam.', 137968.00, 0.00, 0, 0, -7.94500000, 110.66500000, 'aktif', '2025-12-23 09:37:31'),
(64, 'Homestay Ngawen', 'homestay', 5, 64, 'Ngawen', 'Homestay keluarga bersih area situs Candi Risan atmosfer pedesaan kental.', 'Akomodasi penjelajah situs-situs Mataram Kuno perbatasan Jateng-DIY.', 150000.00, 0.00, 0, 0, -7.82800000, 110.68800000, 'aktif', '2025-12-23 09:37:31'),
(65, 'Hotel Santika Gunungkidul', 'hotel', 5, 65, 'Logandeng, Nglipar', 'Hotel bintang 3 standar internasional pertama gerbang masuk pusat kabupaten.', 'Menghadirkan hospitalitas Indonesia hangat pelancong bisnis keluarga.', 600000.00, 0.00, 0, 0, -7.94200000, 110.58200000, 'aktif', '2025-12-23 09:37:31'),
(66, 'Homestay Paliyan', 'homestay', 5, 66, 'Paliyan', 'Penginapan asri dekat suaka margasatwa ketenangan pencinta alam biodiversitas.', 'Konsep hidup selaras alam menyatu lingkungan hutan konservasi.', 120000.00, 0.00, 0, 0, -7.99500000, 110.53800000, 'aktif', '2025-12-23 09:37:31'),
(67, 'HeHa Ocean Glamping', 'villa', 5, 67, 'Bolang, Girikarto, Panggang', 'Glamping mewah tebing pantai selatan mini pool pribadi panorama laut 180 derajat.', 'Destinasi staycation viral DIY kemewahan modern keindahan tebing laut.', 900000.00, 0.00, 0, 0, -8.11450000, 110.45200000, 'aktif', '2025-12-23 09:37:31'),
(68, 'Maryam Homestay Syariah 2', 'homestay', 5, 68, 'Bukit Bintang, Patuk', 'Penginapan syariah Bukit Bintang pemandangan City Light spektakuler ketinggian.', 'Hunian nyaman terjangkau menikmati keindahan malam gerbang masuk Gunungkidul.', 96340.00, 0.00, 0, 0, -7.84800000, 110.48500000, 'aktif', '2025-12-23 09:37:31'),
(69, 'Omah Anggur', 'homestay', 5, 69, 'Gading, Playen', 'Homestay unik perkebunan anggur pekarangan edukasi bercocok tanam.', 'Memadukan hobi pertanian hospitalitas suasana homey inspiratif keluarga.', 150000.00, 0.00, 0, 0, -7.96500000, 110.54500000, 'aktif', '2025-12-23 09:37:31'),
(70, 'Homestay Alrisqi', 'homestay', 5, 70, 'Genjahan, Ponjong', 'Akomodasi kawasan karst Ponjong dikelilingi gua alam telaga udara sejuk.', 'Penyediaan hunian wisatawan minat khusus eksplorasi geologi Gunungkidul Timur.', 150000.00, 0.00, 0, 1, -7.98500000, 110.72800000, 'aktif', '2025-12-23 09:37:31'),
(71, 'Khayla Homestay Syariah', 'homestay', 5, 71, 'Giripurwo, Purwosari', 'Penginapan syariah tenang jalur Pantai Parangtritis perbukitan Purwosari.', 'Fasilitas menginap tertib bersih rombongan keluarga pesisir barat.', 499993.00, 0.00, 0, 0, -8.01200000, 110.35500000, 'aktif', '2025-12-23 09:37:31'),
(72, 'PALEO Stone Age', 'hotel', 5, 72, 'Rongkop', 'Hotel desain bebatuan unik menyerupai gua purbakala fasilitas bintang 3.', 'Representasi kreatif kekayaan alam karst Gunungkidul akomodasi unik.', 751314.00, 0.00, 0, 0, -8.08500000, 110.78500000, 'aktif', '2025-12-23 09:37:31'),
(73, 'Teras Kaca', 'villa', 5, 73, 'Pantai Nguluran, Saptosari', 'Villa eksklusif tebing menyatu objek wisata Teras Kaca sensasi memicu adrenalin.', 'Akses tak terbatas spot foto ikonik pinggir tebing panorama laut megah.', 685084.00, 0.00, 0, 0, -8.11800000, 110.46500000, 'aktif', '2025-12-23 09:37:31'),
(74, 'Arta Graha', 'homestay', 5, 74, 'Semanu', 'Penginapan strategis jalur utama pantai selatan akses Baron Kukup Krakal.', 'Kamar luas fasilitas memadai petualang eksplorasi keindahan pesisir.', 341303.00, 0.00, 0, 0, -8.01500000, 110.63800000, 'aktif', '2025-12-23 09:37:31'),
(75, 'Homestay Semin', 'homestay', 5, 75, 'Semin', 'Akomodasi keluarga asri perbatasan Jateng-DIY jauh hiruk-pikuk kota.', 'Standar pelayanan rumah tangga ramah kebersihan terjamin tamu bisnis Semin.', 120000.00, 0.00, 0, 1, -7.86800000, 110.75500000, 'aktif', '2025-12-23 09:37:31'),
(76, 'Hotel Kukup Indah', 'hotel', 5, 76, 'Pantai Kukup, Tanjungsari', 'Hotel budget beberapa meter bibir pantai Kukup akses wisata pantai keluarga.', 'Fasilitas parkir luas kedai makan laut memudahkan liburan pantai.', 149863.00, 0.00, 0, 0, -8.13200000, 110.55200000, 'aktif', '2025-12-23 09:37:31'),
(77, 'Rock Garden Homestay', 'homestay', 5, 77, 'Pantai Sundak, Tepus', 'Penginapan unik konsep taman batu alam tepi pantai Sundak suasana tropis santai.', 'Tempat peristirahatan pencinta laut menginginkan kedekatan total pantai.', 212427.00, 0.00, 0, 0, -8.14500000, 110.60850000, 'aktif', '2025-12-23 09:37:31'),
(78, 'Dea Lokha Hotel', 'hotel', 5, 78, 'Jl. KH Agus Salim No. 148, Wonosari', 'Hotel legendaris jantung Wonosari akses pusat administrasi bank mal.', 'Mitra terpercaya kunjungan dinas transit wisatawan kawasan pantai.', 297346.00, 0.00, 0, 0, -7.96800000, 110.60150000, 'aktif', '2025-12-23 09:37:31');

-- --------------------------------------------------------

--
-- Table structure for table `penginapan_fasilitas`
--

CREATE TABLE `penginapan_fasilitas` (
  `id_penginapan` int(11) NOT NULL,
  `id_fasilitas` int(11) NOT NULL
) ENGINE=InnoDB DEFAULT CHARSET=utf8mb4 COLLATE=utf8mb4_general_ci;

--
-- Dumping data for table `penginapan_fasilitas`
--

INSERT INTO `penginapan_fasilitas` (`id_penginapan`, `id_fasilitas`) VALUES
(1, 1),
(1, 2),
(1, 4),
(1, 7),
(2, 1),
(2, 2),
(2, 3),
(2, 4),
(2, 5),
(2, 7),
(2, 8),
(2, 9),
(2, 14),
(2, 15),
(2, 16),
(3, 1),
(3, 2),
(3, 3),
(3, 4),
(3, 5),
(3, 7),
(3, 8),
(3, 9),
(3, 14),
(3, 15),
(3, 16),
(4, 1),
(4, 2),
(4, 3),
(4, 4),
(4, 5),
(4, 7),
(4, 8),
(4, 9),
(4, 14),
(4, 15),
(4, 16),
(5, 1),
(5, 2),
(5, 3),
(5, 4),
(5, 5),
(5, 7),
(5, 8),
(5, 9),
(5, 14),
(5, 15),
(5, 16),
(6, 1),
(6, 2),
(6, 4),
(6, 7),
(7, 1),
(7, 2),
(7, 4),
(7, 7),
(8, 1),
(8, 2),
(8, 3),
(8, 4),
(8, 7),
(9, 1),
(9, 2),
(9, 3),
(9, 4),
(9, 5),
(9, 7),
(9, 8),
(9, 9),
(9, 14),
(9, 15),
(9, 16),
(10, 1),
(10, 2),
(10, 4),
(10, 7),
(11, 1),
(11, 2),
(11, 3),
(11, 4),
(11, 5),
(11, 7),
(11, 8),
(11, 9),
(11, 14),
(11, 15),
(11, 16),
(12, 1),
(12, 2),
(12, 4),
(12, 6),
(12, 7),
(12, 10),
(12, 11),
(12, 12),
(12, 13),
(13, 1),
(13, 2),
(13, 4),
(13, 7),
(14, 1),
(14, 2),
(14, 3),
(14, 4),
(14, 5),
(14, 7),
(14, 8),
(14, 9),
(14, 14),
(14, 15),
(14, 16),
(15, 1),
(15, 2),
(15, 4),
(15, 6),
(15, 7),
(15, 10),
(15, 11),
(15, 12),
(15, 13),
(16, 1),
(16, 2),
(16, 4),
(16, 6),
(16, 7),
(16, 10),
(16, 11),
(16, 12),
(16, 13),
(17, 1),
(17, 2),
(17, 3),
(17, 4),
(17, 5),
(17, 7),
(17, 8),
(17, 9),
(17, 14),
(17, 15),
(17, 16),
(18, 1),
(18, 2),
(18, 4),
(18, 6),
(18, 7),
(18, 10),
(18, 11),
(18, 12),
(18, 13),
(19, 1),
(19, 2),
(19, 4),
(19, 7),
(20, 1),
(20, 2),
(20, 4),
(20, 6),
(20, 7),
(20, 10),
(20, 11),
(20, 12),
(20, 13),
(21, 1),
(21, 2),
(21, 3),
(21, 4),
(21, 5),
(21, 7),
(21, 8),
(21, 9),
(21, 14),
(21, 15),
(21, 16),
(22, 1),
(22, 2),
(22, 3),
(22, 4),
(22, 5),
(22, 7),
(22, 8),
(22, 9),
(22, 14),
(22, 15),
(22, 16),
(23, 1),
(23, 2),
(23, 4),
(23, 7),
(24, 1),
(24, 2),
(24, 3),
(24, 4),
(24, 5),
(24, 7),
(24, 8),
(24, 9),
(24, 14),
(24, 15),
(24, 16),
(25, 1),
(25, 2),
(25, 4),
(25, 6),
(25, 7),
(25, 10),
(25, 11),
(25, 12),
(25, 13),
(26, 1),
(26, 2),
(26, 4),
(26, 6),
(26, 7),
(26, 10),
(26, 11),
(26, 12),
(26, 13),
(27, 1),
(27, 2),
(27, 3),
(27, 4),
(27, 5),
(27, 7),
(27, 8),
(27, 9),
(27, 14),
(27, 15),
(27, 16),
(28, 1),
(28, 2),
(28, 4),
(28, 6),
(28, 7),
(28, 10),
(28, 11),
(28, 12),
(28, 13),
(29, 1),
(29, 2),
(29, 4),
(29, 7),
(30, 1),
(30, 2),
(30, 4),
(30, 7),
(31, 1),
(31, 2),
(31, 4),
(31, 6),
(31, 7),
(31, 10),
(31, 11),
(31, 12),
(31, 13),
(32, 1),
(32, 2),
(32, 4),
(32, 7),
(33, 1),
(33, 2),
(33, 3),
(33, 4),
(33, 5),
(33, 7),
(33, 8),
(33, 9),
(33, 14),
(33, 15),
(33, 16),
(34, 1),
(34, 2),
(34, 4),
(34, 7),
(35, 1),
(35, 2),
(35, 4),
(35, 7),
(36, 1),
(36, 2),
(36, 4),
(36, 7),
(37, 1),
(37, 2),
(37, 4),
(37, 7),
(38, 1),
(38, 2),
(38, 4),
(38, 7),
(39, 1),
(39, 2),
(39, 3),
(39, 4),
(39, 5),
(39, 7),
(39, 8),
(39, 9),
(39, 14),
(39, 15),
(39, 16),
(40, 1),
(40, 2),
(40, 4),
(40, 6),
(40, 7),
(40, 10),
(40, 11),
(40, 12),
(40, 13),
(41, 1),
(41, 2),
(41, 4),
(41, 7),
(42, 1),
(42, 2),
(42, 4),
(42, 7),
(43, 1),
(43, 2),
(43, 4),
(43, 7),
(44, 1),
(44, 2),
(44, 4),
(44, 6),
(44, 7),
(44, 10),
(44, 11),
(44, 12),
(44, 13),
(45, 1),
(45, 2),
(45, 3),
(45, 4),
(45, 5),
(45, 7),
(45, 8),
(45, 9),
(45, 14),
(45, 15),
(45, 16),
(46, 1),
(46, 2),
(46, 4),
(46, 7),
(47, 1),
(47, 2),
(47, 3),
(47, 4),
(47, 5),
(47, 7),
(47, 8),
(47, 9),
(47, 14),
(47, 15),
(47, 16),
(48, 1),
(48, 2),
(48, 3),
(48, 4),
(48, 5),
(48, 7),
(48, 8),
(48, 9),
(48, 14),
(48, 15),
(48, 16),
(49, 1),
(49, 2),
(49, 4),
(49, 7),
(50, 1),
(50, 2),
(50, 4),
(50, 7),
(51, 1),
(51, 2),
(51, 4),
(51, 7),
(52, 1),
(52, 2),
(52, 4),
(52, 7),
(53, 1),
(53, 2),
(53, 4),
(53, 7),
(54, 1),
(54, 2),
(54, 3),
(54, 4),
(54, 5),
(54, 7),
(54, 8),
(54, 9),
(54, 14),
(54, 15),
(54, 16),
(55, 1),
(55, 2),
(55, 4),
(55, 7),
(56, 1),
(56, 2),
(56, 4),
(56, 7),
(57, 1),
(57, 2),
(57, 4),
(57, 7),
(58, 1),
(58, 2),
(58, 4),
(58, 7),
(59, 1),
(59, 2),
(59, 3),
(59, 4),
(59, 5),
(59, 7),
(59, 8),
(59, 9),
(59, 14),
(59, 15),
(59, 16),
(60, 1),
(60, 2),
(60, 3),
(60, 4),
(60, 5),
(60, 7),
(60, 8),
(60, 9),
(60, 14),
(60, 15),
(60, 16),
(61, 1),
(61, 2),
(61, 4),
(61, 7),
(62, 1),
(62, 2),
(62, 3),
(62, 4),
(62, 5),
(62, 7),
(62, 8),
(62, 9),
(62, 14),
(62, 15),
(62, 16),
(63, 1),
(63, 2),
(63, 4),
(63, 7),
(64, 1),
(64, 2),
(64, 4),
(64, 7),
(65, 1),
(65, 2),
(65, 3),
(65, 4),
(65, 5),
(65, 7),
(65, 8),
(65, 9),
(65, 14),
(65, 15),
(65, 16),
(66, 1),
(66, 2),
(66, 4),
(66, 7),
(67, 1),
(67, 2),
(67, 4),
(67, 6),
(67, 7),
(67, 10),
(67, 11),
(67, 12),
(67, 13),
(68, 1),
(68, 2),
(68, 4),
(68, 7),
(69, 1),
(69, 2),
(69, 4),
(69, 7),
(70, 1),
(70, 2),
(70, 4),
(70, 7),
(71, 1),
(71, 2),
(71, 4),
(71, 7),
(72, 1),
(72, 2),
(72, 3),
(72, 4),
(72, 5),
(72, 7),
(72, 8),
(72, 9),
(72, 14),
(72, 15),
(72, 16),
(73, 1),
(73, 2),
(73, 4),
(73, 6),
(73, 7),
(73, 10),
(73, 11),
(73, 12),
(73, 13),
(74, 1),
(74, 2),
(74, 4),
(74, 7),
(75, 1),
(75, 2),
(75, 4),
(75, 7),
(76, 1),
(76, 2),
(76, 3),
(76, 4),
(76, 5),
(76, 7),
(76, 8),
(76, 9),
(76, 14),
(76, 15),
(76, 16),
(77, 1),
(77, 2),
(77, 4),
(77, 7),
(78, 1),
(78, 2),
(78, 3),
(78, 4),
(78, 5),
(78, 7),
(78, 8),
(78, 9),
(78, 14),
(78, 15),
(78, 16),
(313, 1),
(313, 2),
(313, 4),
(313, 7),
(314, 1),
(314, 2),
(314, 3),
(314, 4),
(314, 5),
(314, 7),
(314, 8),
(314, 9),
(314, 14),
(314, 15),
(314, 16),
(315, 1),
(315, 2),
(315, 3),
(315, 4),
(315, 5),
(315, 7),
(315, 8),
(315, 9),
(315, 14),
(315, 15),
(315, 16),
(316, 1),
(316, 2),
(316, 3),
(316, 4),
(316, 5),
(316, 7),
(316, 8),
(316, 9),
(316, 14),
(316, 15),
(316, 16),
(317, 1),
(317, 2),
(317, 3),
(317, 4),
(317, 5),
(317, 7),
(317, 8),
(317, 9),
(317, 14),
(317, 15),
(317, 16),
(318, 1),
(318, 2),
(318, 4),
(318, 7),
(319, 1),
(319, 2),
(319, 4),
(319, 7),
(320, 1),
(320, 2),
(320, 4),
(320, 7),
(321, 1),
(321, 2),
(321, 3),
(321, 4),
(321, 5),
(321, 7),
(321, 8),
(321, 9),
(321, 14),
(321, 15),
(321, 16),
(322, 1),
(322, 2),
(322, 4),
(322, 7),
(323, 1),
(323, 2),
(323, 3),
(323, 4),
(323, 5),
(323, 7),
(323, 8),
(323, 9),
(323, 14),
(323, 15),
(323, 16),
(324, 1),
(324, 2),
(324, 4),
(324, 6),
(324, 7),
(324, 10),
(324, 11),
(324, 12),
(324, 13),
(325, 1),
(325, 2),
(325, 4),
(325, 7),
(326, 1),
(326, 2),
(326, 3),
(326, 4),
(326, 5),
(326, 7),
(326, 8),
(326, 9),
(326, 14),
(326, 15),
(326, 16),
(327, 1),
(327, 2),
(327, 4),
(327, 6),
(327, 7),
(327, 10),
(327, 11),
(327, 12),
(327, 13),
(328, 1),
(328, 2),
(328, 4),
(328, 6),
(328, 7),
(328, 10),
(328, 11),
(328, 12),
(328, 13),
(329, 1),
(329, 2),
(329, 3),
(329, 4),
(329, 5),
(329, 7),
(329, 8),
(329, 9),
(329, 14),
(329, 15),
(329, 16),
(330, 1),
(330, 2),
(330, 4),
(330, 6),
(330, 7),
(330, 10),
(330, 11),
(330, 12),
(330, 13),
(331, 1),
(331, 2),
(331, 4),
(331, 7),
(332, 1),
(332, 2),
(332, 4),
(332, 6),
(332, 7),
(332, 10),
(332, 11),
(332, 12),
(332, 13),
(333, 1),
(333, 2),
(333, 3),
(333, 4),
(333, 5),
(333, 7),
(333, 8),
(333, 9),
(333, 14),
(333, 15),
(333, 16),
(334, 1),
(334, 2),
(334, 3),
(334, 4),
(334, 5),
(334, 7),
(334, 8),
(334, 9),
(334, 14),
(334, 15),
(334, 16),
(335, 1),
(335, 2),
(335, 4),
(335, 7),
(336, 1),
(336, 2),
(336, 3),
(336, 4),
(336, 5),
(336, 7),
(336, 8),
(336, 9),
(336, 14),
(336, 15),
(336, 16),
(337, 1),
(337, 2),
(337, 4),
(337, 6),
(337, 7),
(337, 10),
(337, 11),
(337, 12),
(337, 13),
(338, 1),
(338, 2),
(338, 4),
(338, 6),
(338, 7),
(338, 10),
(338, 11),
(338, 12),
(338, 13),
(339, 1),
(339, 2),
(339, 3),
(339, 4),
(339, 5),
(339, 7),
(339, 8),
(339, 9),
(339, 14),
(339, 15),
(339, 16),
(340, 1),
(340, 2),
(340, 4),
(340, 6),
(340, 7),
(340, 10),
(340, 11),
(340, 12),
(340, 13),
(341, 1),
(341, 2),
(341, 4),
(341, 7),
(342, 1),
(342, 2),
(342, 4),
(342, 7),
(343, 1),
(343, 2),
(343, 4),
(343, 6),
(343, 7),
(343, 10),
(343, 11),
(343, 12),
(343, 13),
(344, 1),
(344, 2),
(344, 4),
(344, 7),
(345, 1),
(345, 2),
(345, 3),
(345, 4),
(345, 5),
(345, 7),
(345, 8),
(345, 9),
(345, 14),
(345, 15),
(345, 16),
(346, 1),
(346, 2),
(346, 4),
(346, 7),
(347, 1),
(347, 2),
(347, 4),
(347, 7),
(348, 1),
(348, 2),
(348, 4),
(348, 7),
(349, 1),
(349, 2),
(349, 4),
(349, 7),
(350, 1),
(350, 2),
(350, 4),
(350, 7),
(351, 1),
(351, 2),
(351, 3),
(351, 4),
(351, 5),
(351, 7),
(351, 8),
(351, 9),
(351, 14),
(351, 15),
(351, 16),
(352, 1),
(352, 2),
(352, 4),
(352, 6),
(352, 7),
(352, 10),
(352, 11),
(352, 12),
(352, 13),
(353, 1),
(353, 2),
(353, 4),
(353, 7),
(354, 1),
(354, 2),
(354, 4),
(354, 7),
(355, 1),
(355, 2),
(355, 4),
(355, 7),
(356, 1),
(356, 2),
(356, 4),
(356, 6),
(356, 7),
(356, 10),
(356, 11),
(356, 12),
(356, 13),
(357, 1),
(357, 2),
(357, 3),
(357, 4),
(357, 5),
(357, 7),
(357, 8),
(357, 9),
(357, 14),
(357, 15),
(357, 16),
(358, 1),
(358, 2),
(358, 4),
(358, 7),
(359, 1),
(359, 2),
(359, 3),
(359, 4),
(359, 5),
(359, 7),
(359, 8),
(359, 9),
(359, 14),
(359, 15),
(359, 16),
(360, 1),
(360, 2),
(360, 3),
(360, 4),
(360, 5),
(360, 7),
(360, 8),
(360, 9),
(360, 14),
(360, 15),
(360, 16),
(361, 1),
(361, 2),
(361, 4),
(361, 7),
(362, 1),
(362, 2),
(362, 4),
(362, 7),
(363, 1),
(363, 2),
(363, 4),
(363, 7),
(364, 1),
(364, 2),
(364, 4),
(364, 7),
(365, 1),
(365, 2),
(365, 4),
(365, 7),
(366, 1),
(366, 2),
(366, 3),
(366, 4),
(366, 5),
(366, 7),
(366, 8),
(366, 9),
(366, 14),
(366, 15),
(366, 16),
(367, 1),
(367, 2),
(367, 4),
(367, 7),
(368, 1),
(368, 2),
(368, 4),
(368, 7),
(369, 1),
(369, 2),
(369, 4),
(369, 7),
(370, 1),
(370, 2),
(370, 4),
(370, 7),
(371, 1),
(371, 2),
(371, 3),
(371, 4),
(371, 5),
(371, 7),
(371, 8),
(371, 9),
(371, 14),
(371, 15),
(371, 16),
(372, 1),
(372, 2),
(372, 3),
(372, 4),
(372, 5),
(372, 7),
(372, 8),
(372, 9),
(372, 14),
(372, 15),
(372, 16),
(373, 1),
(373, 2),
(373, 4),
(373, 7),
(374, 1),
(374, 2),
(374, 3),
(374, 4),
(374, 5),
(374, 7),
(374, 8),
(374, 9),
(374, 14),
(374, 15),
(374, 16),
(375, 1),
(375, 2),
(375, 4),
(375, 7),
(376, 1),
(376, 2),
(376, 4),
(376, 7),
(377, 1),
(377, 2),
(377, 3),
(377, 4),
(377, 5),
(377, 7),
(377, 8),
(377, 9),
(377, 14),
(377, 15),
(377, 16),
(378, 1),
(378, 2),
(378, 4),
(378, 7),
(379, 1),
(379, 2),
(379, 4),
(379, 6),
(379, 7),
(379, 10),
(379, 11),
(379, 12),
(379, 13),
(380, 1),
(380, 2),
(380, 4),
(380, 7),
(381, 1),
(381, 2),
(381, 4),
(381, 7),
(382, 1),
(382, 2),
(382, 4),
(382, 7),
(383, 1),
(383, 2),
(383, 4),
(383, 7),
(384, 1),
(384, 2),
(384, 3),
(384, 4),
(384, 5),
(384, 7),
(384, 8),
(384, 9),
(384, 14),
(384, 15),
(384, 16),
(385, 1),
(385, 2),
(385, 4),
(385, 6),
(385, 7),
(385, 10),
(385, 11),
(385, 12),
(385, 13),
(386, 1),
(386, 2),
(386, 4),
(386, 7),
(387, 1),
(387, 2),
(387, 4),
(387, 7),
(388, 1),
(388, 2),
(388, 3),
(388, 4),
(388, 5),
(388, 7),
(388, 8),
(388, 9),
(388, 14),
(388, 15),
(388, 16),
(389, 1),
(389, 2),
(389, 4),
(389, 7),
(390, 1),
(390, 2),
(390, 3),
(390, 4),
(390, 5),
(390, 7),
(390, 8),
(390, 9),
(390, 14),
(390, 15),
(390, 16),
(401, 1),
(401, 2),
(401, 3),
(402, 1),
(402, 2),
(403, 1),
(404, 1),
(405, 2),
(418, 2),
(418, 3);

-- --------------------------------------------------------

--
-- Table structure for table `refund`
--

CREATE TABLE `refund` (
  `id_refund` int(11) NOT NULL,
  `id_pembayaran` int(11) NOT NULL,
  `id_pembatalan` int(11) DEFAULT NULL,
  `id_admin` int(11) NOT NULL,
  `jumlah_refund` decimal(12,2) NOT NULL,
  `alasan_refund` text DEFAULT NULL,
  `status_refund` enum('diproses','selesai','ditolak') DEFAULT 'diproses',
  `tanggal_refund` datetime DEFAULT current_timestamp()
) ENGINE=InnoDB DEFAULT CHARSET=utf8mb4 COLLATE=utf8mb4_general_ci;

--
-- Dumping data for table `refund`
--

INSERT INTO `refund` (`id_refund`, `id_pembayaran`, `id_pembatalan`, `id_admin`, `jumlah_refund`, `alasan_refund`, `status_refund`, `tanggal_refund`) VALUES
(7, 16, 1, 6, 17109867.60, 'salah pesan total kamar', 'selesai', '2025-12-29 16:38:34'),
(8, 7, 3, 6, 1107905.40, 'karena tabrakan dengan kegiatan lain', 'selesai', '2025-12-30 01:05:45'),
(9, 9, 5, 6, 990000.00, 'gak jadi aja gitu, sibuk males', 'selesai', '2025-12-30 14:37:58');

-- --------------------------------------------------------

--
-- Table structure for table `tipe_kamar`
--

CREATE TABLE `tipe_kamar` (
  `id_tipe_kamar` int(11) NOT NULL,
  `id_penginapan` int(11) NOT NULL,
  `nama_tipe` varchar(100) NOT NULL,
  `harga_per_malam` decimal(12,2) NOT NULL,
  `kapasitas_orang` int(11) NOT NULL,
  `jumlah_kamar` int(11) NOT NULL,
  `deskripsi` text DEFAULT NULL
) ENGINE=InnoDB DEFAULT CHARSET=utf8mb4 COLLATE=utf8mb4_general_ci;

--
-- Dumping data for table `tipe_kamar`
--

INSERT INTO `tipe_kamar` (`id_tipe_kamar`, `id_penginapan`, `nama_tipe`, `harga_per_malam`, `kapasitas_orang`, `jumlah_kamar`, `deskripsi`) VALUES
(2, 318, 'Standard', 300000.00, 2, 5, 'Kamar standar homestay'),
(3, 319, 'Standard', 350000.00, 2, 5, 'Kamar standar homestay'),
(4, 320, 'Standard', 1500000.00, 2, 5, 'Kamar standar homestay'),
(5, 322, 'Standard', 250000.00, 2, 5, 'Kamar standar homestay'),
(6, 325, 'Standard', 350000.00, 2, 5, 'Kamar standar homestay'),
(7, 331, 'Standard', 100000.00, 2, 5, 'Kamar standar homestay'),
(8, 335, 'Standard', 450000.00, 2, 5, 'Kamar standar homestay'),
(9, 341, 'Standard', 400000.00, 2, 5, 'Kamar standar homestay'),
(10, 342, 'Standard', 132231.00, 2, 5, 'Kamar standar homestay'),
(11, 344, 'Standard', 200000.00, 2, 5, 'Kamar standar homestay'),
(12, 346, 'Standard', 1192500.00, 2, 5, 'Kamar standar homestay'),
(13, 347, 'Standard', 250000.00, 2, 5, 'Kamar standar homestay'),
(14, 348, 'Standard', 200000.00, 2, 5, 'Kamar standar homestay'),
(15, 349, 'Standard', 200000.00, 2, 5, 'Kamar standar homestay'),
(16, 350, 'Standard', 316375.00, 2, 5, 'Kamar standar homestay'),
(17, 353, 'Standard', 318755.00, 2, 5, 'Kamar standar homestay'),
(18, 354, 'Standard', 250000.00, 2, 5, 'Kamar standar homestay'),
(19, 355, 'Standard', 400000.00, 2, 5, 'Kamar standar homestay'),
(20, 358, 'Standard', 400000.00, 2, 5, 'Kamar standar homestay'),
(21, 361, 'Standard', 132786.00, 2, 5, 'Kamar standar homestay'),
(22, 362, 'Standard', 100000.00, 2, 5, 'Kamar standar homestay'),
(23, 363, 'Standard', 150000.00, 2, 5, 'Kamar standar homestay'),
(24, 364, 'Standard', 115837.00, 2, 5, 'Kamar standar homestay'),
(25, 365, 'Standard', 150000.00, 2, 5, 'Kamar standar homestay'),
(26, 367, 'Standard', 120000.00, 2, 5, 'Kamar standar homestay'),
(27, 368, 'Standard', 123967.00, 2, 5, 'Kamar standar homestay'),
(28, 369, 'Standard', 50000.00, 2, 5, 'Kamar standar homestay'),
(29, 370, 'Standard', 150000.00, 2, 5, 'Kamar standar homestay'),
(30, 373, 'Standard', 150000.00, 2, 5, 'Kamar standar homestay'),
(31, 375, 'Standard', 137968.00, 2, 5, 'Kamar standar homestay'),
(32, 376, 'Standard', 150000.00, 2, 5, 'Kamar standar homestay'),
(33, 378, 'Standard', 120000.00, 2, 5, 'Kamar standar homestay'),
(34, 380, 'Standard', 96340.00, 2, 5, 'Kamar standar homestay'),
(35, 381, 'Standard', 150000.00, 2, 5, 'Kamar standar homestay'),
(36, 382, 'Standard', 150000.00, 2, 5, 'Kamar standar homestay'),
(37, 383, 'Standard', 499993.00, 2, 5, 'Kamar standar homestay'),
(38, 386, 'Standard', 341303.00, 2, 5, 'Kamar standar homestay'),
(39, 387, 'Standard', 120000.00, 2, 5, 'Kamar standar homestay'),
(40, 389, 'Standard', 212427.00, 2, 5, 'Kamar standar homestay'),
(65, 318, 'Family', 450000.00, 4, 2, 'Kamar keluarga'),
(66, 319, 'Family', 500000.00, 4, 2, 'Kamar keluarga'),
(67, 320, 'Family', 1650000.00, 4, 2, 'Kamar keluarga'),
(68, 322, 'Family', 400000.00, 4, 2, 'Kamar keluarga'),
(69, 325, 'Family', 500000.00, 4, 2, 'Kamar keluarga'),
(70, 331, 'Family', 250000.00, 4, 2, 'Kamar keluarga'),
(71, 335, 'Family', 600000.00, 4, 2, 'Kamar keluarga'),
(72, 341, 'Family', 550000.00, 4, 2, 'Kamar keluarga'),
(73, 342, 'Family', 282231.00, 4, 2, 'Kamar keluarga'),
(74, 344, 'Family', 350000.00, 4, 2, 'Kamar keluarga'),
(75, 346, 'Family', 1342500.00, 4, 2, 'Kamar keluarga'),
(76, 347, 'Family', 400000.00, 4, 2, 'Kamar keluarga'),
(77, 348, 'Family', 350000.00, 4, 2, 'Kamar keluarga'),
(78, 349, 'Family', 350000.00, 4, 2, 'Kamar keluarga'),
(79, 350, 'Family', 466375.00, 4, 2, 'Kamar keluarga'),
(80, 353, 'Family', 468755.00, 4, 2, 'Kamar keluarga'),
(81, 354, 'Family', 400000.00, 4, 2, 'Kamar keluarga'),
(82, 355, 'Family', 550000.00, 4, 2, 'Kamar keluarga'),
(83, 358, 'Family', 550000.00, 4, 2, 'Kamar keluarga'),
(84, 361, 'Family', 282786.00, 4, 2, 'Kamar keluarga'),
(85, 362, 'Family', 250000.00, 4, 2, 'Kamar keluarga'),
(86, 363, 'Family', 300000.00, 4, 2, 'Kamar keluarga'),
(87, 364, 'Family', 265837.00, 4, 2, 'Kamar keluarga'),
(88, 365, 'Family', 300000.00, 4, 2, 'Kamar keluarga'),
(89, 367, 'Family', 270000.00, 4, 2, 'Kamar keluarga'),
(90, 368, 'Family', 273967.00, 4, 2, 'Kamar keluarga'),
(91, 369, 'Family', 200000.00, 4, 2, 'Kamar keluarga'),
(92, 370, 'Family', 300000.00, 4, 2, 'Kamar keluarga'),
(93, 373, 'Family', 300000.00, 4, 2, 'Kamar keluarga'),
(94, 375, 'Family', 287968.00, 4, 2, 'Kamar keluarga'),
(95, 376, 'Family', 300000.00, 4, 2, 'Kamar keluarga'),
(96, 378, 'Family', 270000.00, 4, 2, 'Kamar keluarga'),
(97, 380, 'Family', 246340.00, 4, 2, 'Kamar keluarga'),
(98, 381, 'Family', 300000.00, 4, 2, 'Kamar keluarga'),
(99, 382, 'Family', 300000.00, 4, 2, 'Kamar keluarga'),
(100, 383, 'Family', 649993.00, 4, 2, 'Kamar keluarga'),
(101, 386, 'Family', 491303.00, 4, 2, 'Kamar keluarga'),
(102, 387, 'Family', 270000.00, 4, 2, 'Kamar keluarga'),
(103, 389, 'Family', 362427.00, 4, 2, 'Kamar keluarga'),
(128, 315, 'Superior', 750000.00, 2, 20, 'Kamar superior'),
(129, 316, 'Superior', 1600000.00, 2, 20, 'Kamar superior'),
(130, 317, 'Superior', 2415852.00, 2, 20, 'Kamar superior'),
(131, 321, 'Superior', 600000.00, 2, 20, 'Kamar superior'),
(132, 323, 'Superior', 615503.00, 2, 20, 'Kamar superior'),
(133, 326, 'Superior', 550000.00, 2, 20, 'Kamar superior'),
(134, 329, 'Superior', 1200000.00, 2, 20, 'Kamar superior'),
(135, 333, 'Superior', 111171.00, 2, 20, 'Kamar superior'),
(136, 334, 'Superior', 800000.00, 2, 20, 'Kamar superior'),
(137, 336, 'Superior', 1100000.00, 2, 20, 'Kamar superior'),
(138, 339, 'Superior', 200000.00, 2, 20, 'Kamar superior'),
(139, 345, 'Superior', 340164.00, 2, 20, 'Kamar superior'),
(140, 351, 'Superior', 1282278.00, 2, 20, 'Kamar superior'),
(141, 357, 'Superior', 438160.00, 2, 20, 'Kamar superior'),
(142, 359, 'Superior', 401850.00, 2, 20, 'Kamar superior'),
(143, 360, 'Superior', 150000.00, 2, 20, 'Kamar superior'),
(144, 366, 'Superior', 501552.00, 2, 20, 'Kamar superior'),
(145, 371, 'Superior', 800000.00, 2, 20, 'Kamar superior'),
(146, 372, 'Superior', 300000.00, 2, 20, 'Kamar superior'),
(147, 374, 'Superior', 701361.00, 2, 20, 'Kamar superior'),
(148, 377, 'Superior', 600000.00, 2, 20, 'Kamar superior'),
(149, 384, 'Superior', 751314.00, 2, 20, 'Kamar superior'),
(150, 388, 'Superior', 149862.00, 2, 20, 'Kamar superior'),
(151, 390, 'Superior', 297346.00, 2, 20, 'Kamar superior'),
(159, 315, 'Deluxe', 1050000.00, 2, 15, 'Kamar deluxe'),
(160, 316, 'Deluxe', 1900000.00, 2, 15, 'Kamar deluxe'),
(161, 317, 'Deluxe', 2715852.00, 2, 15, 'Kamar deluxe'),
(162, 321, 'Deluxe', 900000.00, 2, 15, 'Kamar deluxe'),
(163, 323, 'Deluxe', 915503.00, 2, 15, 'Kamar deluxe'),
(164, 326, 'Deluxe', 850000.00, 2, 15, 'Kamar deluxe'),
(165, 329, 'Deluxe', 1500000.00, 2, 15, 'Kamar deluxe'),
(166, 333, 'Deluxe', 411171.00, 2, 15, 'Kamar deluxe'),
(167, 334, 'Deluxe', 1100000.00, 2, 15, 'Kamar deluxe'),
(168, 336, 'Deluxe', 1400000.00, 2, 15, 'Kamar deluxe'),
(169, 339, 'Deluxe', 500000.00, 2, 15, 'Kamar deluxe'),
(170, 345, 'Deluxe', 640164.00, 2, 15, 'Kamar deluxe'),
(171, 351, 'Deluxe', 1582278.00, 2, 15, 'Kamar deluxe'),
(172, 357, 'Deluxe', 738160.00, 2, 15, 'Kamar deluxe'),
(173, 359, 'Deluxe', 701850.00, 2, 15, 'Kamar deluxe'),
(174, 360, 'Deluxe', 450000.00, 2, 15, 'Kamar deluxe'),
(175, 366, 'Deluxe', 801552.00, 2, 15, 'Kamar deluxe'),
(176, 371, 'Deluxe', 1100000.00, 2, 15, 'Kamar deluxe'),
(177, 372, 'Deluxe', 600000.00, 2, 15, 'Kamar deluxe'),
(178, 374, 'Deluxe', 1001361.00, 2, 15, 'Kamar deluxe'),
(179, 377, 'Deluxe', 900000.00, 2, 15, 'Kamar deluxe'),
(180, 384, 'Deluxe', 1051314.00, 2, 15, 'Kamar deluxe'),
(181, 388, 'Deluxe', 449862.00, 2, 15, 'Kamar deluxe'),
(182, 390, 'Deluxe', 597346.00, 2, 15, 'Kamar deluxe'),
(190, 315, 'Suite', 1550000.00, 2, 5, 'Kamar suite mewah'),
(191, 316, 'Suite', 2400000.00, 2, 5, 'Kamar suite mewah'),
(192, 317, 'Suite', 3215852.00, 2, 5, 'Kamar suite mewah'),
(193, 321, 'Suite', 1400000.00, 2, 5, 'Kamar suite mewah'),
(194, 323, 'Suite', 1415503.00, 2, 5, 'Kamar suite mewah'),
(195, 326, 'Suite', 1350000.00, 2, 5, 'Kamar suite mewah'),
(196, 329, 'Suite', 2000000.00, 2, 5, 'Kamar suite mewah'),
(197, 333, 'Suite', 911171.00, 2, 5, 'Kamar suite mewah'),
(198, 334, 'Suite', 1600000.00, 2, 5, 'Kamar suite mewah'),
(199, 336, 'Suite', 1900000.00, 2, 5, 'Kamar suite mewah'),
(200, 339, 'Suite', 1000000.00, 2, 5, 'Kamar suite mewah'),
(201, 345, 'Suite', 1140164.00, 2, 5, 'Kamar suite mewah'),
(202, 351, 'Suite', 2082278.00, 2, 5, 'Kamar suite mewah'),
(203, 357, 'Suite', 1238160.00, 2, 5, 'Kamar suite mewah'),
(204, 359, 'Suite', 1201850.00, 2, 5, 'Kamar suite mewah'),
(205, 360, 'Suite', 950000.00, 2, 5, 'Kamar suite mewah'),
(206, 366, 'Suite', 1301552.00, 2, 5, 'Kamar suite mewah'),
(207, 371, 'Suite', 1600000.00, 2, 5, 'Kamar suite mewah'),
(208, 372, 'Suite', 1100000.00, 2, 5, 'Kamar suite mewah'),
(209, 374, 'Suite', 1501361.00, 2, 5, 'Kamar suite mewah'),
(210, 377, 'Suite', 1400000.00, 2, 5, 'Kamar suite mewah'),
(211, 384, 'Suite', 1551314.00, 2, 5, 'Kamar suite mewah'),
(212, 388, 'Suite', 949862.00, 2, 5, 'Kamar suite mewah'),
(213, 390, 'Suite', 1097346.00, 2, 5, 'Kamar suite mewah'),
(220, 324, 'Private Villa', 1200000.00, 6, 1, 'Villa privat eksklusif'),
(221, 327, 'Private Villa', 562747.00, 6, 1, 'Villa privat eksklusif'),
(222, 328, 'Private Villa', 950000.00, 6, 1, 'Villa privat eksklusif'),
(223, 330, 'Private Villa', 1300000.00, 6, 1, 'Villa privat eksklusif'),
(224, 332, 'Private Villa', 400000.00, 6, 1, 'Villa privat eksklusif'),
(225, 337, 'Private Villa', 2000000.00, 6, 1, 'Villa privat eksklusif'),
(226, 338, 'Private Villa', 1500000.00, 6, 1, 'Villa privat eksklusif'),
(227, 340, 'Private Villa', 600000.00, 6, 1, 'Villa privat eksklusif'),
(228, 343, 'Private Villa', 850000.00, 6, 1, 'Villa privat eksklusif'),
(229, 352, 'Private Villa', 876197.00, 6, 1, 'Villa privat eksklusif'),
(230, 356, 'Private Villa', 1299992.00, 6, 1, 'Villa privat eksklusif'),
(231, 379, 'Private Villa', 900000.00, 6, 1, 'Villa privat eksklusif'),
(232, 385, 'Private Villa', 685084.00, 6, 1, 'Villa privat eksklusif'),
(313, 314, 'Superior', 1474024.00, 2, 20, 'Kamar Superior'),
(314, 314, 'Deluxe', 1774024.00, 2, 15, 'Kamar Deluxe'),
(315, 314, 'Suite', 2274024.00, 2, 5, 'Kamar Suite'),
(316, 418, 'Private Villa', 4354389.00, 3, 4, 'Kamar Private Villa'),
(317, 313, 'Standard', 450000.00, 2, 5, 'Kamar Standard'),
(318, 313, 'Family', 600000.00, 4, 2, 'Kamar Family'),
(327, 7, 'Standard', 350000.00, 2, 5, 'Kamar Standard'),
(328, 7, 'Family', 500000.00, 4, 2, 'Kamar Family'),
(333, 6, 'Standard', 300000.00, 2, 5, 'Kamar Standard'),
(334, 6, 'Family', 450000.00, 4, 2, 'Kamar Family'),
(335, 8, 'Standard', 1500000.00, 2, 5, 'Kamar Standard'),
(336, 8, 'Family', 1650000.00, 4, 2, 'Kamar Family'),
(337, 10, 'Standard', 250000.00, 2, 5, 'Kamar Standard'),
(338, 10, 'Family', 400000.00, 4, 2, 'Kamar Family'),
(339, 13, 'Standard', 350000.00, 2, 5, 'Kamar Standard'),
(340, 13, 'Family', 500000.00, 4, 2, 'Kamar Family'),
(341, 19, 'Standard', 100000.00, 2, 5, 'Kamar Standard'),
(342, 19, 'Family', 250000.00, 4, 2, 'Kamar Family'),
(343, 23, 'Standard', 450000.00, 2, 5, 'Kamar Standard'),
(344, 23, 'Family', 600000.00, 4, 2, 'Kamar Family'),
(347, 29, 'Standard', 400000.00, 2, 5, 'Kamar Standard'),
(348, 29, 'Family', 550000.00, 4, 2, 'Kamar Family'),
(351, 30, 'Standard', 132321.00, 2, 5, 'Kamar Standard'),
(352, 30, 'Family', 282231.00, 4, 2, 'Kamar Family'),
(353, 32, 'Standard', 200000.00, 2, 5, 'Kamar Standard'),
(354, 32, 'Family', 350000.00, 4, 2, 'Kamar Family'),
(355, 34, 'Standard', 1192500.00, 2, 5, 'Kamar Standard'),
(356, 34, 'Family', 1342500.00, 4, 2, 'Kamar Family'),
(357, 35, 'Standard', 250000.00, 2, 5, 'Kamar Standard'),
(358, 35, 'Family', 400000.00, 4, 2, 'Kamar Family'),
(359, 36, 'Standard', 200000.00, 2, 5, 'Kamar Standard'),
(360, 36, 'Family', 350000.00, 4, 2, 'Kamar Family'),
(361, 37, 'Standard', 200000.00, 2, 5, 'Kamar Standard'),
(362, 37, 'Family', 350000.00, 4, 2, 'Kamar Family'),
(363, 38, 'Standard', 316375.00, 2, 5, 'Kamar Standard'),
(364, 38, 'Family', 466375.00, 4, 2, 'Kamar Family'),
(365, 41, 'Standard', 318755.00, 2, 5, 'Kamar Standard'),
(366, 41, 'Family', 468755.00, 4, 2, 'Kamar Family'),
(367, 42, 'Standard', 250000.00, 2, 5, 'Kamar Standard'),
(368, 42, 'Family', 400000.00, 4, 2, 'Kamar Family'),
(369, 43, 'Standard', 400000.00, 2, 5, 'Kamar Standard'),
(370, 43, 'Family', 550000.00, 4, 2, 'Kamar Family'),
(371, 46, 'Standard', 400000.00, 2, 5, 'Kamar Standard'),
(372, 46, 'Family', 550000.00, 4, 2, 'Kamar Family'),
(373, 49, 'Standard', 132786.00, 2, 5, 'Kamar Standard'),
(374, 49, 'Family', 282786.00, 4, 2, 'Kamar Family'),
(375, 50, 'Standard', 100000.00, 2, 5, 'Kamar Standard'),
(376, 50, 'Family', 250000.00, 4, 2, 'Kamar Family'),
(377, 51, 'Standard', 150000.00, 2, 5, 'Kamar Standard'),
(378, 51, 'Family', 300000.00, 4, 2, 'Kamar Family'),
(379, 52, 'Standard', 115837.00, 2, 5, 'Kamar Standard'),
(380, 52, 'Family', 265837.00, 4, 2, 'Kamar Family'),
(381, 53, 'Standard', 150000.00, 2, 5, 'Kamar Standard'),
(382, 53, 'Family', 300000.00, 4, 2, 'Kamar Family'),
(383, 55, 'Standard', 120000.00, 2, 5, 'Kamar Standard'),
(384, 55, 'Family', 270000.00, 4, 2, 'Kamar Family'),
(385, 56, 'Standard', 123967.00, 2, 5, 'Kamar Standard'),
(386, 56, 'Family', 273967.00, 4, 2, 'Kamar Family'),
(387, 57, 'Standard', 50000.00, 2, 5, 'Kamar Standard'),
(388, 57, 'Family', 200000.00, 4, 2, 'Kamar Family'),
(389, 58, 'Standard', 150000.00, 2, 5, 'Kamar Standard'),
(390, 58, 'Family', 300000.00, 4, 2, 'Kamar Family'),
(391, 61, 'Standard', 150000.00, 2, 5, 'Kamar Standard'),
(392, 61, 'Family', 300000.00, 4, 2, 'Kamar Family'),
(393, 63, 'Standard', 137968.00, 2, 5, 'Kamar Standard'),
(394, 63, 'Family', 287968.00, 4, 2, 'Kamar Family'),
(395, 64, 'Standard', 150000.00, 2, 5, 'Kamar Standard'),
(396, 64, 'Family', 300000.00, 4, 2, 'Kamar Family'),
(397, 66, 'Standard', 120000.00, 2, 5, 'Kamar Standard'),
(398, 66, 'Family', 270000.00, 4, 2, 'Kamar Family'),
(399, 68, 'Standard', 96340.00, 2, 5, 'Kamar Standard'),
(400, 68, 'Family', 246340.00, 4, 2, 'Kamar Family'),
(401, 69, 'Standard', 150000.00, 2, 5, 'Kamar Standard'),
(402, 69, 'Family', 300000.00, 4, 2, 'Kamar Family'),
(403, 70, 'Standard', 150000.00, 2, 5, 'Kamar Standard'),
(404, 70, 'Family', 300000.00, 4, 2, 'Kamar Family'),
(405, 71, 'Standard', 499993.00, 2, 5, 'Kamar Standard'),
(406, 71, 'Family', 649993.00, 4, 2, 'Kamar Family'),
(407, 74, 'Standard', 341303.00, 2, 5, 'Kamar Standard'),
(408, 74, 'Family', 491303.00, 4, 2, 'Kamar Family'),
(409, 75, 'Standard', 120000.00, 2, 5, 'Kamar Standard'),
(410, 75, 'Family', 270000.00, 4, 2, 'Kamar Family'),
(411, 77, 'Standard', 212427.00, 2, 5, 'Kamar Standard'),
(412, 77, 'Family', 362427.00, 4, 2, 'Kamar Family'),
(433, 4, 'Superior', 1600000.00, 2, 20, 'Kamar Superior'),
(434, 4, 'Deluxe', 1900000.00, 2, 15, 'Kamar Deluxe'),
(435, 4, 'Suite', 2400000.00, 2, 5, 'Kamar Suite'),
(439, 5, 'Superior', 2415852.00, 2, 20, 'Kamar Superior'),
(440, 5, 'Deluxe', 2715852.00, 2, 15, 'Kamar Deluxe'),
(441, 5, 'Suite', 3125852.00, 2, 5, 'Kamar Suite'),
(442, 9, 'Superior', 600000.00, 2, 20, 'Kamar Superior'),
(443, 9, 'Deluxe', 900000.00, 2, 15, 'Kamar Deluxe'),
(444, 9, 'Suite', 1400000.00, 2, 5, 'Kamar Suite'),
(448, 11, 'Superior', 615503.00, 2, 20, 'Kamar Superior'),
(449, 11, 'Deluxe', 915503.00, 2, 15, 'Kamar Deluxe'),
(450, 11, 'Suite', 1415503.00, 2, 5, 'Kamar Suite'),
(451, 14, 'Superior', 550000.00, 2, 20, 'Kamar Superior'),
(452, 14, 'Deluxe', 850000.00, 2, 15, 'Kamar Deluxe'),
(453, 14, 'Suite', 1350000.00, 2, 5, 'Kamar Suite'),
(460, 17, 'Superior', 1200000.00, 2, 20, 'Kamar Superior'),
(461, 17, 'Deluxe', 1500000.00, 2, 15, 'Kamar Deluxe'),
(462, 17, 'Suite', 2000000.00, 2, 5, 'Kamar Suite'),
(463, 21, 'Superior', 111171.00, 2, 20, 'Kamar Superior'),
(464, 21, 'Deluxe', 411171.00, 2, 15, 'Kamar Deluxe'),
(465, 21, 'Suite', 911171.00, 2, 5, 'Kamar Suite'),
(466, 22, 'Superior', 800000.00, 2, 20, 'Kamar Superior'),
(467, 22, 'Deluxe', 1100000.00, 2, 15, 'Kamar Deluxe'),
(468, 22, 'Suite', 1600000.00, 2, 5, 'Kamar Suite'),
(469, 24, 'Superior', 1100000.00, 2, 20, 'Kamar Superior'),
(470, 24, 'Deluxe', 1400000.00, 2, 15, 'Kamar Deluxe'),
(471, 24, 'Suite', 1900000.00, 2, 5, 'Kamar Suite'),
(475, 33, 'Superior', 340164.00, 2, 20, 'Kamar Superior'),
(476, 33, 'Deluxe', 640164.00, 2, 15, 'Kamar Deluxe'),
(477, 33, 'Suite', 1140164.00, 2, 5, 'Kamar Suite'),
(478, 39, 'Superior', 1282278.00, 2, 20, 'Kamar Superior'),
(479, 39, 'Deluxe', 1582278.00, 2, 15, 'Kamar Deluxe'),
(480, 39, 'Suite', 2082278.00, 2, 5, 'Kamar Suite'),
(481, 45, 'Superior', 438160.00, 2, 20, 'Kamar Superior'),
(482, 45, 'Deluxe', 738160.00, 2, 15, 'Kamar Deluxe'),
(483, 45, 'Suite', 1238160.00, 2, 5, 'Kamar Suite'),
(484, 47, 'Superior', 401850.00, 2, 20, 'Kamar Superior'),
(485, 47, 'Deluxe', 701850.00, 2, 15, 'Kamar Deluxe'),
(486, 47, 'Suite', 1201850.00, 2, 5, 'Kamar Suite'),
(487, 48, 'Superior', 150000.00, 2, 20, 'Kamar Superior'),
(488, 48, 'Deluxe', 450000.00, 2, 15, 'Kamar Deluxe'),
(489, 48, 'Suite', 950000.00, 2, 5, 'Kamar Suite'),
(490, 54, 'Superior', 501552.00, 2, 20, 'Kamar Superior'),
(491, 54, 'Deluxe', 801552.00, 2, 15, 'Kamar Deluxe'),
(492, 54, 'Suite', 1301552.00, 2, 5, 'Kamar Suite'),
(493, 59, 'Superior', 800000.00, 2, 20, 'Kamar Superior'),
(494, 59, 'Deluxe', 1100000.00, 2, 15, 'Kamar Deluxe'),
(495, 59, 'Suite', 1600000.00, 2, 5, 'Kamar Suite'),
(496, 60, 'Superior', 300000.00, 2, 20, 'Kamar Superior'),
(497, 60, 'Deluxe', 600000.00, 2, 15, 'Kamar Deluxe'),
(498, 60, 'Suite', 1100000.00, 2, 5, 'Kamar Suite'),
(499, 62, 'Superior', 701361.00, 2, 20, 'Kamar Superior'),
(500, 62, 'Deluxe', 1001361.00, 2, 15, 'Kamar Deluxe'),
(501, 62, 'Suite', 1501361.00, 2, 5, 'Kamar Suite'),
(505, 72, 'Superior', 751314.00, 2, 20, 'Kamar Superior'),
(506, 72, 'Deluxe', 1051314.00, 2, 15, 'Kamar Deluxe'),
(507, 72, 'Suite', 1551314.00, 2, 5, 'Kamar Suite'),
(511, 78, 'Superior', 297346.00, 2, 20, 'Kamar Superior'),
(512, 78, 'Deluxe', 597346.00, 2, 15, 'Kamar Deluxe'),
(513, 78, 'Suite', 1097346.00, 2, 5, 'Kamar Suite'),
(515, 15, 'Private Villa', 562747.00, 6, 1, 'Kamar Private Villa'),
(517, 18, 'Private Villa', 1300000.00, 6, 1, 'Kamar Private Villa'),
(518, 20, 'Private Villa', 400000.00, 6, 1, 'Kamar Private Villa'),
(519, 25, 'Private Villa', 2000000.00, 6, 1, 'Kamar Private Villa'),
(520, 26, 'Private Villa', 1500000.00, 6, 1, 'Kamar Private Villa'),
(521, 28, 'Private Villa', 600000.00, 6, 1, 'Kamar Private Villa'),
(522, 31, 'Private Villa', 850000.00, 6, 1, 'Kamar Private Villa'),
(523, 40, 'Private Villa', 876197.00, 6, 1, 'Kamar Private Villa'),
(524, 44, 'Private Villa', 1299992.00, 6, 1, 'Kamar Private Villa'),
(525, 67, 'Private Villa', 900000.00, 6, 1, 'Kamar Private Villa'),
(526, 73, 'Private Villa', 685084.00, 6, 1, 'Kamar Private Villa'),
(527, 1, 'Family', 600000.00, 4, 2, 'Kamar Family'),
(528, 1, 'Standard', 450000.00, 2, 5, 'Kamar Standard'),
(529, 3, 'Superior', 750000.00, 2, 20, 'Kamar Superior'),
(530, 3, 'Deluxe', 1050000.00, 2, 15, 'Kamar Deluxe'),
(531, 3, 'Suite', 1550000.00, 2, 5, 'Kamar Suite'),
(535, 2, 'Superior', 1474024.00, 2, 20, 'Kamar Superior'),
(538, 27, 'Superior', 200000.00, 2, 20, 'Kamar Superior'),
(539, 27, 'Deluxe', 500000.00, 2, 15, 'Kamar Deluxe'),
(540, 27, 'Suite', 1000000.00, 2, 5, 'Kamar Suite'),
(541, 16, 'Private Villa', 950000.00, 6, 1, 'Kamar Private Villa'),
(542, 65, 'Superior', 600000.00, 2, 20, 'Kamar Superior'),
(543, 65, 'Deluxe', 900000.00, 2, 15, 'Kamar Deluxe'),
(544, 65, 'Suite', 1400000.00, 2, 5, 'Kamar Suite'),
(545, 76, 'Superior', 149863.00, 2, 20, 'Kamar Superior'),
(546, 76, 'Deluxe', 449862.00, 2, 15, 'Kamar Deluxe'),
(547, 76, 'Suite', 949862.00, 2, 5, 'Kamar Suite'),
(548, 2, 'Deluxe', 1774024.00, 2, 15, 'Kamar Deluxe'),
(549, 2, 'Suite', 2274024.00, 2, 5, 'Kamar Suite'),
(550, 12, 'Private Villa', 1200000.00, 6, 1, 'Kamar Private Villa');

-- --------------------------------------------------------

--
-- Table structure for table `users`
--

CREATE TABLE `users` (
  `id_user` int(11) NOT NULL,
  `nama` varchar(100) NOT NULL,
  `email` varchar(100) NOT NULL,
  `password` varchar(255) NOT NULL,
  `no_telepon` varchar(20) DEFAULT NULL,
  `role_id` enum('user','admin') NOT NULL DEFAULT 'user',
  `created_at` timestamp NOT NULL DEFAULT current_timestamp(),
  `updated_at` timestamp NOT NULL DEFAULT current_timestamp() ON UPDATE current_timestamp(),
  `status` enum('aktif','nonaktif') NOT NULL DEFAULT 'aktif'
) ENGINE=InnoDB DEFAULT CHARSET=utf8mb4 COLLATE=utf8mb4_general_ci;

--
-- Dumping data for table `users`
--

INSERT INTO `users` (`id_user`, `nama`, `email`, `password`, `no_telepon`, `role_id`, `created_at`, `updated_at`, `status`) VALUES
(6, '', 'yogya@gmail.com', '$2y$10$HuAYz58qARl30o05Wk8PjOBj27Fit9zCoVNzIhifZ4dJaJmevJ4gG', NULL, 'admin', '2025-12-22 06:37:03', '2025-12-22 06:37:53', 'aktif'),
(8, 'yonti', 'jhnnyr0623@gmail.com', '$2y$10$/E5pwctQXbLjlqc1Zqme2.CmZv/Np0cg8nUGTmuCOs4.qL3nW09US', '', 'user', '2025-12-25 23:44:49', '2025-12-30 12:46:43', 'aktif'),
(9, 'Na Jaemin', 'j@gmail.com', '$2y$10$JZ4VcmkLPdt.pOGX8nsy5eRDt/Xh5miSrhB1Pzrz/7zZ2dd/52QfW', '0812345678', 'user', '2025-12-29 04:52:43', '2025-12-29 18:22:33', 'aktif'),
(11, 'Bismillah Nilai A', 'uaspemweb@gmail.com', '$2y$10$cijgR.RN34ml0w/hEqgSp.QLNY5Eq/nlKBPeHqZ4UD9r49SsAxivu', '', 'user', '2025-12-29 15:25:49', '2025-12-29 15:27:05', 'aktif');

--
-- Indexes for dumped tables
--

--
-- Indexes for table `blog`
--
ALTER TABLE `blog`
  ADD PRIMARY KEY (`id_blog`),
  ADD KEY `id_admin` (`id_admin`);

--
-- Indexes for table `booking`
--
ALTER TABLE `booking`
  ADD PRIMARY KEY (`id_booking`),
  ADD UNIQUE KEY `kode_booking` (`kode_booking`),
  ADD KEY `id_user` (`id_user`),
  ADD KEY `id_penginapan` (`id_penginapan`),
  ADD KEY `id_tipe_kamar` (`id_tipe_kamar`);

--
-- Indexes for table `checkin`
--
ALTER TABLE `checkin`
  ADD PRIMARY KEY (`id_checkin`),
  ADD KEY `id_booking` (`id_booking`);

--
-- Indexes for table `fasilitas`
--
ALTER TABLE `fasilitas`
  ADD PRIMARY KEY (`id_fasilitas`);

--
-- Indexes for table `gambar_penginapan`
--
ALTER TABLE `gambar_penginapan`
  ADD PRIMARY KEY (`id_gambar`),
  ADD KEY `id_penginapan` (`id_penginapan`);

--
-- Indexes for table `kabupaten`
--
ALTER TABLE `kabupaten`
  ADD PRIMARY KEY (`id_kabupaten`);

--
-- Indexes for table `kecamatan`
--
ALTER TABLE `kecamatan`
  ADD PRIMARY KEY (`id_kecamatan`),
  ADD KEY `id_kabupaten` (`id_kabupaten`);

--
-- Indexes for table `kontak_penginapan`
--
ALTER TABLE `kontak_penginapan`
  ADD PRIMARY KEY (`id_kontak`),
  ADD KEY `id_penginapan` (`id_penginapan`);

--
-- Indexes for table `log_aktivitas_admin`
--
ALTER TABLE `log_aktivitas_admin`
  ADD PRIMARY KEY (`id_log`),
  ADD KEY `id_admin` (`id_admin`);

--
-- Indexes for table `pembatalan`
--
ALTER TABLE `pembatalan`
  ADD PRIMARY KEY (`id_pembatalan`);

--
-- Indexes for table `pembayaran`
--
ALTER TABLE `pembayaran`
  ADD PRIMARY KEY (`id_pembayaran`),
  ADD KEY `id_booking` (`id_booking`);

--
-- Indexes for table `penginapan`
--
ALTER TABLE `penginapan`
  ADD PRIMARY KEY (`id_penginapan`),
  ADD KEY `id_kabupaten` (`id_kabupaten`),
  ADD KEY `id_kecamatan` (`id_kecamatan`),
  ADD KEY `idx_status` (`status`) USING BTREE,
  ADD KEY `idx_tipe` (`tipe_penginapan`) USING BTREE,
  ADD KEY `idx_rating` (`rating`) USING BTREE,
  ADD KEY `idx_harga` (`harga_mulai`) USING BTREE;

--
-- Indexes for table `penginapan_fasilitas`
--
ALTER TABLE `penginapan_fasilitas`
  ADD PRIMARY KEY (`id_penginapan`,`id_fasilitas`),
  ADD KEY `id_fasilitas` (`id_fasilitas`);

--
-- Indexes for table `refund`
--
ALTER TABLE `refund`
  ADD PRIMARY KEY (`id_refund`),
  ADD KEY `id_pembayaran` (`id_pembayaran`),
  ADD KEY `id_admin` (`id_admin`),
  ADD KEY `refund_ibfk_3` (`id_pembatalan`);

--
-- Indexes for table `tipe_kamar`
--
ALTER TABLE `tipe_kamar`
  ADD PRIMARY KEY (`id_tipe_kamar`),
  ADD KEY `id_penginapan` (`id_penginapan`);

--
-- Indexes for table `users`
--
ALTER TABLE `users`
  ADD PRIMARY KEY (`id_user`),
  ADD UNIQUE KEY `email` (`email`);

--
-- AUTO_INCREMENT for dumped tables
--

--
-- AUTO_INCREMENT for table `blog`
--
ALTER TABLE `blog`
  MODIFY `id_blog` int(11) NOT NULL AUTO_INCREMENT, AUTO_INCREMENT=31;

--
-- AUTO_INCREMENT for table `booking`
--
ALTER TABLE `booking`
  MODIFY `id_booking` int(11) NOT NULL AUTO_INCREMENT, AUTO_INCREMENT=22;

--
-- AUTO_INCREMENT for table `checkin`
--
ALTER TABLE `checkin`
  MODIFY `id_checkin` int(11) NOT NULL AUTO_INCREMENT, AUTO_INCREMENT=6;

--
-- AUTO_INCREMENT for table `fasilitas`
--
ALTER TABLE `fasilitas`
  MODIFY `id_fasilitas` int(11) NOT NULL AUTO_INCREMENT, AUTO_INCREMENT=17;

--
-- AUTO_INCREMENT for table `gambar_penginapan`
--
ALTER TABLE `gambar_penginapan`
  MODIFY `id_gambar` int(11) NOT NULL AUTO_INCREMENT, AUTO_INCREMENT=481;

--
-- AUTO_INCREMENT for table `kabupaten`
--
ALTER TABLE `kabupaten`
  MODIFY `id_kabupaten` int(11) NOT NULL AUTO_INCREMENT, AUTO_INCREMENT=6;

--
-- AUTO_INCREMENT for table `kontak_penginapan`
--
ALTER TABLE `kontak_penginapan`
  MODIFY `id_kontak` int(11) NOT NULL AUTO_INCREMENT, AUTO_INCREMENT=369;

--
-- AUTO_INCREMENT for table `log_aktivitas_admin`
--
ALTER TABLE `log_aktivitas_admin`
  MODIFY `id_log` int(11) NOT NULL AUTO_INCREMENT, AUTO_INCREMENT=483;

--
-- AUTO_INCREMENT for table `pembatalan`
--
ALTER TABLE `pembatalan`
  MODIFY `id_pembatalan` int(11) NOT NULL AUTO_INCREMENT, AUTO_INCREMENT=8;

--
-- AUTO_INCREMENT for table `pembayaran`
--
ALTER TABLE `pembayaran`
  MODIFY `id_pembayaran` int(11) NOT NULL AUTO_INCREMENT, AUTO_INCREMENT=20;

--
-- AUTO_INCREMENT for table `penginapan`
--
ALTER TABLE `penginapan`
  MODIFY `id_penginapan` int(11) NOT NULL AUTO_INCREMENT, AUTO_INCREMENT=420;

--
-- AUTO_INCREMENT for table `refund`
--
ALTER TABLE `refund`
  MODIFY `id_refund` int(11) NOT NULL AUTO_INCREMENT, AUTO_INCREMENT=10;

--
-- AUTO_INCREMENT for table `tipe_kamar`
--
ALTER TABLE `tipe_kamar`
  MODIFY `id_tipe_kamar` int(11) NOT NULL AUTO_INCREMENT, AUTO_INCREMENT=551;

--
-- AUTO_INCREMENT for table `users`
--
ALTER TABLE `users`
  MODIFY `id_user` int(11) NOT NULL AUTO_INCREMENT, AUTO_INCREMENT=12;

--
-- Constraints for dumped tables
--

--
-- Constraints for table `blog`
--
ALTER TABLE `blog`
  ADD CONSTRAINT `blog_ibfk_1` FOREIGN KEY (`id_admin`) REFERENCES `users` (`id_user`);

--
-- Constraints for table `booking`
--
ALTER TABLE `booking`
  ADD CONSTRAINT `booking_ibfk_1` FOREIGN KEY (`id_user`) REFERENCES `users` (`id_user`),
  ADD CONSTRAINT `booking_ibfk_2` FOREIGN KEY (`id_penginapan`) REFERENCES `penginapan` (`id_penginapan`),
  ADD CONSTRAINT `booking_ibfk_3` FOREIGN KEY (`id_tipe_kamar`) REFERENCES `tipe_kamar` (`id_tipe_kamar`);

--
-- Constraints for table `checkin`
--
ALTER TABLE `checkin`
  ADD CONSTRAINT `checkin_ibfk_1` FOREIGN KEY (`id_booking`) REFERENCES `booking` (`id_booking`);

--
-- Constraints for table `kontak_penginapan`
--
ALTER TABLE `kontak_penginapan`
  ADD CONSTRAINT `kontak_penginapan_ibfk_1` FOREIGN KEY (`id_penginapan`) REFERENCES `penginapan` (`id_penginapan`);

--
-- Constraints for table `log_aktivitas_admin`
--
ALTER TABLE `log_aktivitas_admin`
  ADD CONSTRAINT `log_aktivitas_admin_ibfk_1` FOREIGN KEY (`id_admin`) REFERENCES `users` (`id_user`);

--
-- Constraints for table `pembayaran`
--
ALTER TABLE `pembayaran`
  ADD CONSTRAINT `pembayaran_ibfk_1` FOREIGN KEY (`id_booking`) REFERENCES `booking` (`id_booking`);

--
-- Constraints for table `penginapan`
--
ALTER TABLE `penginapan`
  ADD CONSTRAINT `penginapan_ibfk_1` FOREIGN KEY (`id_kabupaten`) REFERENCES `kabupaten` (`id_kabupaten`),
  ADD CONSTRAINT `penginapan_ibfk_2` FOREIGN KEY (`id_kecamatan`) REFERENCES `kecamatan` (`id_kecamatan`);

--
-- Constraints for table `penginapan_fasilitas`
--
ALTER TABLE `penginapan_fasilitas`
  ADD CONSTRAINT `penginapan_fasilitas_ibfk_1` FOREIGN KEY (`id_penginapan`) REFERENCES `penginapan` (`id_penginapan`),
  ADD CONSTRAINT `penginapan_fasilitas_ibfk_2` FOREIGN KEY (`id_fasilitas`) REFERENCES `fasilitas` (`id_fasilitas`);

--
-- Constraints for table `refund`
--
ALTER TABLE `refund`
  ADD CONSTRAINT `refund_ibfk_1` FOREIGN KEY (`id_pembayaran`) REFERENCES `pembayaran` (`id_pembayaran`),
  ADD CONSTRAINT `refund_ibfk_2` FOREIGN KEY (`id_admin`) REFERENCES `users` (`id_user`),
  ADD CONSTRAINT `refund_ibfk_3` FOREIGN KEY (`id_pembatalan`) REFERENCES `pembatalan` (`id_pembatalan`);

--
-- Ketidakleluasaan untuk tabel `tipe_kamar`
--
ALTER TABLE `tipe_kamar`
  ADD CONSTRAINT `tipe_kamar_ibfk_1` FOREIGN KEY (`id_penginapan`) REFERENCES `penginapan` (`id_penginapan`);
SET FOREIGN_KEY_CHECKS = 1; 
COMMIT;

/*!40101 SET CHARACTER_SET_CLIENT=@OLD_CHARACTER_SET_CLIENT */;
/*!40101 SET CHARACTER_SET_RESULTS=@OLD_CHARACTER_SET_RESULTS */;
/*!40101 SET COLLATION_CONNECTION=@OLD_COLLATION_CONNECTION */;
